time,open,high,low,close,volume
2016-12-07,16.95,16.95,16.95,16.95,100
2016-12-08,16.95,16.95,16.95,16.95,0
2016-12-09,14.45,14.45,14.45,14.45,1500
2016-12-12,14.45,14.45,14.45,14.45,0
2016-12-13,14.45,14.45,14.45,14.45,0
2016-12-14,14.45,14.45,14.45,14.45,0
2016-12-15,14.45,14.45,14.45,14.45,0
2016-12-16,14.45,14.45,14.45,14.45,0
2016-12-19,14.45,14.45,14.45,14.45,0
2016-12-20,14.45,14.45,14.45,14.45,0
2016-12-21,14.45,14.45,14.45,14.45,0
2016-12-22,14.45,14.45,14.45,14.45,0
2016-12-23,14.45,14.45,14.45,14.45,0
2016-12-26,12.35,12.35,12.35,12.35,100
2016-12-27,12.35,12.35,12.35,12.35,0
2016-12-28,12.35,12.35,12.35,12.35,0
2016-12-29,12.35,12.35,12.35,12.35,0
2016-12-30,12.35,12.35,12.35,12.35,0
2017-01-03,12.11,12.11,12.11,12.11,100
2017-01-04,12.11,12.11,12.11,12.11,0
2017-01-05,12.11,12.11,12.11,12.11,0
2017-01-06,10.49,10.49,10.49,10.49,1000
2017-01-09,10.49,10.49,10.49,10.49,0
2017-01-10,10.49,10.49,10.49,10.49,0
2017-01-11,10.49,10.49,10.49,10.49,0
2017-01-12,10.49,10.49,10.49,10.49,0
2017-01-13,10.49,10.49,10.49,10.49,0
2017-01-16,10.49,10.49,10.49,10.49,0
2017-01-17,10.49,10.49,10.49,10.49,0
2017-01-18,10.49,10.49,10.49,10.49,0
2017-01-19,10.49,10.49,10.49,10.49,0
2017-01-20,10.49,10.49,10.49,10.49,0
2017-01-23,10.49,10.49,10.49,10.49,0
2017-01-24,10.49,10.49,10.49,10.49,0
2017-01-25,10.49,10.49,10.49,10.49,0
2017-02-02,10.49,10.49,10.49,10.49,0
2017-02-03,10.49,10.49,10.49,10.49,0
2017-02-06,8.96,8.96,8.96,8.96,500
2017-02-07,8.96,8.96,8.96,8.96,0
2017-02-08,8.07,8.07,8.07,8.07,100
2017-02-09,8.07,8.07,8.07,8.07,2700
2017-02-10,8.07,8.07,8.07,8.07,0
2017-02-13,8.07,8.07,8.07,8.07,0
2017-02-14,8.07,8.07,8.07,8.07,1000
2017-02-15,8.07,8.07,8.07,8.07,0
2017-02-16,8.07,8.07,8.07,8.07,0
2017-02-17,8.07,8.07,8.07,8.07,0
2017-02-20,8.07,8.07,8.07,8.07,0
2017-02-21,8.07,8.07,8.07,8.07,0
2017-02-22,8.15,8.15,8.15,8.15,1000
2017-02-23,8.15,8.15,8.15,8.15,0
2017-02-24,8.15,8.15,8.15,8.15,0
2017-02-27,8.15,8.15,8.15,8.15,0
2017-02-28,8.15,8.15,8.15,8.15,0
2017-03-01,8.15,8.15,8.15,8.15,0
2017-03-02,8.15,8.15,8.15,8.15,1900
2017-03-03,8.15,8.15,8.15,8.15,0
2017-03-06,8.15,8.15,8.15,8.15,0
2017-03-07,8.15,8.15,8.15,8.15,0
2017-03-08,8.15,8.15,8.15,8.15,0
2017-03-09,8.15,8.15,8.15,8.15,0
2017-03-10,8.15,8.15,8.15,8.15,0
2017-03-13,8.15,8.15,8.15,8.15,0
2017-03-14,8.15,8.15,8.15,8.15,0
2017-03-15,8.15,8.15,8.15,8.15,0
2017-03-16,8.15,8.15,8.15,8.15,0
2017-03-17,8.15,8.15,8.15,8.15,0
2017-03-20,8.07,8.07,8.07,8.07,1000
2017-03-21,8.07,8.07,8.07,8.07,0
2017-03-22,8.07,8.07,8.07,8.07,0
2017-03-23,8.07,8.07,8.07,8.07,0
2017-03-24,8.07,8.07,8.07,8.07,0
2017-03-27,8.07,8.07,8.07,8.07,0
2017-03-28,8.07,8.07,8.07,8.07,0
2017-03-29,8.07,8.07,8.07,8.07,500
2017-03-30,8.07,8.07,8.07,8.07,0
2017-03-31,8.07,8.07,8.07,8.07,0
2017-04-03,8.07,8.07,8.07,8.07,0
2017-04-04,8.07,8.07,8.07,8.07,0
2017-04-05,8.07,8.07,8.07,8.07,0
2017-04-07,8.07,8.07,8.07,8.07,0
2017-04-10,8.07,8.07,8.07,8.07,0
2017-04-11,8.07,8.07,8.07,8.07,0
2017-04-12,8.07,8.07,8.07,8.07,0
2017-04-13,8.07,8.07,8.07,8.07,0
2017-04-14,8.07,8.07,8.07,8.07,0
2017-04-17,8.07,8.07,8.07,8.07,0
2017-04-18,8.07,8.07,8.07,8.07,0
2017-04-19,8.07,8.07,8.07,8.07,0
2017-04-20,8.07,8.07,8.07,8.07,0
2017-04-21,8.07,8.07,8.07,8.07,0
2017-04-24,8.07,8.07,8.07,8.07,0
2017-04-25,8.07,8.07,8.07,8.07,0
2017-04-26,8.07,8.07,8.07,8.07,0
2017-04-27,8.07,8.07,8.07,8.07,0
2017-04-28,8.07,8.07,8.07,8.07,0
2017-05-03,8.07,8.07,8.07,8.07,0
2017-05-04,8.07,8.07,8.07,8.07,0
2017-05-05,8.07,8.07,8.07,8.07,0
2017-05-08,8.07,8.07,8.07,8.07,0
2017-05-09,8.07,8.07,8.07,8.07,0
2017-05-10,8.07,8.07,8.07,8.07,0
2017-05-11,8.07,8.07,8.07,8.07,0
2017-05-12,8.07,8.07,8.07,8.07,0
2017-05-15,8.07,8.07,8.07,8.07,0
2017-05-16,8.07,8.07,8.07,8.07,0
2017-05-17,8.07,8.07,8.07,8.07,0
2017-05-18,8.07,8.07,8.07,8.07,0
2017-05-19,8.07,8.07,8.07,8.07,0
2017-05-22,8.07,8.07,8.07,8.07,0
2017-05-23,8.07,8.07,8.07,8.07,0
2017-05-24,5.1,5.1,5.1,5.1,0
2017-05-25,5.1,5.1,5.1,5.1,0
2017-05-26,5.1,5.1,5.1,5.1,0
2017-05-29,5.1,5.1,5.1,5.1,0
2017-05-30,5.1,5.1,5.1,5.1,0
2017-05-31,5.1,5.1,5.1,5.1,0
2017-06-01,5.1,5.1,5.1,5.1,2000
2017-06-02,5.1,5.1,5.1,5.1,0
2017-06-05,5.1,5.1,5.1,5.1,0
2017-06-06,5.1,5.1,5.1,5.1,0
2017-06-07,5.86,5.86,5.86,5.86,1500
2017-06-08,5.86,5.86,5.86,5.86,0
2017-06-09,5.86,5.86,5.86,5.86,0
2017-06-12,6.71,6.71,6.71,6.71,100
2017-06-13,6.71,6.71,6.71,6.71,0
2017-06-14,6.71,6.71,6.71,6.71,0
2017-06-15,7.65,7.65,7.65,7.65,200
2017-06-16,7.65,7.65,7.65,7.65,0
2017-06-19,7.65,7.65,7.65,7.65,0
2017-06-20,7.65,7.65,7.65,7.65,0
2017-06-21,8.75,8.75,8.75,8.75,100
2017-06-22,10.03,10.03,10.03,10.03,100
2017-06-23,11.47,11.47,11.47,11.47,100
2017-06-26,11.47,11.47,11.47,11.47,0
2017-06-27,11.47,11.47,11.47,11.47,0
2017-06-28,11.47,11.47,11.47,11.47,0
2017-06-29,11.47,11.47,11.47,11.47,0
2017-06-30,11.47,11.47,11.47,11.47,0
2017-07-03,11.47,11.47,11.47,11.47,0
2017-07-04,11.47,11.47,11.47,11.47,0
2017-07-05,11.47,11.47,11.47,11.47,0
2017-07-06,11.47,11.47,11.47,11.47,0
2017-07-07,11.47,11.47,11.47,11.47,0
2017-07-10,11.47,11.47,11.47,11.47,0
2017-07-11,11.47,11.47,11.47,11.47,200
2017-07-12,11.47,11.47,11.47,11.47,0
2017-07-13,11.47,11.47,11.47,11.47,0
2017-07-14,11.47,11.47,11.47,11.47,0
2017-07-17,11.47,11.47,11.47,11.47,0
2017-07-18,11.47,11.47,11.47,11.47,500
2017-07-19,11.47,11.47,11.47,11.47,0
2017-07-20,11.47,11.47,11.47,11.47,0
2017-07-21,11.47,11.47,11.47,11.47,0
2017-07-24,11.47,11.47,11.47,11.47,600
2017-07-25,11.47,11.47,11.47,11.47,100
2017-07-26,11.47,11.47,11.47,11.47,500
2017-07-27,11.47,11.47,11.47,11.47,0
2017-07-28,11.47,11.47,11.47,11.47,0
2017-07-31,11.47,11.47,11.47,11.47,0
2017-08-01,11.47,11.47,11.47,11.47,0
2017-08-02,11.47,11.47,11.47,11.47,0
2017-08-03,11.47,11.47,11.47,11.47,0
2017-08-04,11.47,11.47,11.47,11.47,0
2017-08-07,11.47,11.47,11.47,11.47,0
2017-08-08,11.47,11.47,11.47,11.47,0
2017-08-09,11.47,11.47,11.47,11.47,0
2017-08-10,11.47,11.47,11.47,11.47,0
2017-08-11,11.47,11.47,11.47,11.47,0
2017-08-14,11.47,11.47,11.47,11.47,0
2017-08-15,11.47,11.47,11.47,11.47,0
2017-08-16,11.47,11.47,11.47,11.47,0
2017-08-17,11.47,11.47,11.47,11.47,0
2017-08-18,11.47,11.47,11.47,11.47,0
2017-08-21,11.47,11.47,11.47,11.47,0
2017-08-22,10.62,10.62,10.62,10.62,1200
2017-08-23,10.62,10.62,10.62,10.62,0
2017-08-24,10.62,10.62,10.62,10.62,0
2017-08-25,10.62,10.62,10.62,10.62,0
2017-08-28,10.62,10.62,10.62,10.62,0
2017-08-29,10.62,10.62,10.62,10.62,0
2017-08-30,10.62,10.62,10.62,10.62,0
2017-08-31,10.62,10.62,10.62,10.62,0
2017-09-01,10.62,10.62,10.62,10.62,0
2017-09-05,11.05,11.05,11.05,11.05,500
2017-09-06,11.05,11.05,11.05,11.05,600
2017-09-07,11.05,11.05,11.05,11.05,0
2017-09-08,11.05,11.05,11.05,11.05,0
2017-09-11,11.05,11.05,11.05,11.05,0
2017-09-12,11.05,11.05,11.05,11.05,0
2017-09-13,11.05,11.05,11.05,11.05,0
2017-09-14,11.05,11.05,11.05,11.05,0
2017-09-15,11.05,11.05,11.05,11.05,0
2017-09-18,11.05,11.05,11.05,11.05,0
2017-09-19,11.05,11.05,11.05,11.05,0
2017-09-20,11.05,11.05,11.05,11.05,0
2017-09-21,11.05,11.05,11.05,11.05,0
2017-09-22,11.05,11.05,11.05,11.05,0
2017-09-25,11.05,11.05,11.05,11.05,0
2017-09-26,11.05,11.05,11.05,11.05,0
2017-09-27,11.05,11.05,11.05,11.05,0
2017-09-28,11.05,11.05,11.05,11.05,0
2017-09-29,11.05,11.05,11.05,11.05,0
2017-10-02,11.05,11.05,11.05,11.05,0
2017-10-03,11.05,11.05,11.05,11.05,0
2017-10-04,11.05,11.05,11.05,11.05,0
2017-10-05,11.05,11.05,11.05,11.05,0
2017-10-06,11.05,11.05,11.05,11.05,0
2017-10-09,11.05,11.05,11.05,11.05,0
2017-10-10,11.05,11.05,11.05,11.05,0
2017-10-11,11.05,11.05,11.05,11.05,0
2017-10-12,11.05,11.05,11.05,11.05,0
2017-10-13,11.05,11.05,11.05,11.05,0
2017-10-16,11.05,11.05,11.05,11.05,0
2017-10-17,11.05,11.05,11.05,11.05,0
2017-10-18,11.05,11.05,11.05,11.05,0
2017-10-19,11.05,11.05,11.05,11.05,0
2017-10-20,11.05,11.05,11.05,11.05,0
2017-10-23,11.05,11.05,11.05,11.05,0
2017-10-24,11.05,11.05,11.05,11.05,0
2017-10-25,11.05,11.05,11.05,11.05,0
2017-10-26,11.05,11.05,11.05,11.05,0
2017-10-27,11.05,11.05,11.05,11.05,0
2017-10-30,11.05,11.05,11.05,11.05,0
2017-10-31,11.05,11.05,11.05,11.05,0
2017-11-01,11.05,11.05,11.05,11.05,0
2017-11-02,11.05,11.05,11.05,11.05,0
2017-11-03,11.05,11.05,11.05,11.05,0
2017-11-06,11.05,11.05,11.05,11.05,0
2017-11-07,11.05,11.05,11.05,11.05,0
2017-11-08,11.05,11.05,11.05,11.05,0
2017-11-09,11.05,11.05,11.05,11.05,0
2017-11-10,11.05,11.05,11.05,11.05,0
2017-11-13,11.05,11.05,11.05,11.05,0
2017-11-14,11.05,11.05,11.05,11.05,0
2017-11-15,11.05,11.05,11.05,11.05,0
2017-11-16,11.05,11.05,11.05,11.05,0
2017-11-17,11.05,11.05,11.05,11.05,0
2017-11-20,11.05,11.05,11.05,11.05,0
2017-11-21,11.05,11.05,11.05,11.05,0
2017-11-22,11.05,11.05,11.05,11.05,0
2017-11-23,11.05,11.05,11.05,11.05,0
2017-11-24,11.05,11.05,11.05,11.05,0
2017-11-27,11.05,11.05,11.05,11.05,0
2017-11-28,11.05,11.05,11.05,11.05,0
2017-11-29,11.05,11.05,11.05,11.05,0
2017-11-30,11.05,11.05,11.05,11.05,0
2017-12-01,11.05,11.05,11.05,11.05,0
2017-12-04,11.05,11.05,11.05,11.05,0
2017-12-05,11.05,11.05,11.05,11.05,0
2017-12-06,11.05,11.05,11.05,11.05,0
2017-12-07,11.05,11.05,11.05,11.05,0
2017-12-08,11.05,11.05,11.05,11.05,0
2017-12-11,11.05,11.05,11.05,11.05,0
2017-12-12,11.05,11.05,11.05,11.05,0
2017-12-13,11.05,11.05,11.05,11.05,0
2017-12-14,11.05,11.05,11.05,11.05,0
2017-12-15,11.05,11.05,11.05,11.05,0
2017-12-18,11.05,11.05,11.05,11.05,0
2017-12-19,11.05,11.05,11.05,11.05,0
2017-12-20,11.05,11.05,11.05,11.05,0
2017-12-21,11.05,11.05,11.05,11.05,0
2017-12-22,11.05,11.05,11.05,11.05,0
2017-12-25,11.05,11.05,11.05,11.05,0
2017-12-26,11.05,11.05,11.05,11.05,0
2017-12-27,11.05,11.05,11.05,11.05,0
2017-12-28,11.05,11.05,11.05,11.05,0
2017-12-29,11.05,11.05,11.05,11.05,0
2018-01-02,11.05,11.05,11.05,11.05,0
2018-01-03,11.05,11.05,11.05,11.05,0
2018-01-04,11.05,11.05,11.05,11.05,0
2018-01-05,11.05,11.05,11.05,11.05,0
2018-01-08,11.05,11.05,11.05,11.05,0
2018-01-09,11.05,11.05,11.05,11.05,0
2018-01-10,11.05,11.05,11.05,11.05,0
2018-01-11,11.05,11.05,11.05,11.05,0
2018-01-12,11.05,11.05,11.05,11.05,0
2018-01-15,11.05,11.05,11.05,11.05,0
2018-01-16,11.05,11.05,11.05,11.05,0
2018-01-17,11.05,11.05,11.05,11.05,0
2018-01-18,11.05,11.05,11.05,11.05,0
2018-01-19,11.05,11.05,11.05,11.05,0
2018-01-22,11.05,11.05,11.05,11.05,0
2018-01-23,11.05,11.05,11.05,11.05,0
2018-01-24,11.05,11.05,11.05,11.05,0
2018-01-25,11.05,11.05,11.05,11.05,0
2018-01-26,11.05,11.05,11.05,11.05,0
2018-01-29,11.05,11.05,11.05,11.05,0
2018-01-30,11.05,11.05,11.05,11.05,0
2018-01-31,11.05,11.05,11.05,11.05,0
2018-02-01,11.05,11.05,11.05,11.05,0
2018-02-02,11.05,11.05,11.05,11.05,0
2018-02-05,11.05,11.05,11.05,11.05,0
2018-02-06,11.05,11.05,11.05,11.05,0
2018-02-07,11.05,11.05,11.05,11.05,0
2018-02-08,11.05,11.05,11.05,11.05,0
2018-02-09,11.05,11.05,11.05,11.05,0
2018-02-12,11.05,11.05,11.05,11.05,0
2018-02-13,11.05,11.05,11.05,11.05,0
2018-02-21,11.05,11.05,11.05,11.05,0
2018-02-22,11.05,11.05,11.05,11.05,0
2018-02-23,11.05,11.05,11.05,11.05,0
2018-02-26,11.05,11.05,11.05,11.05,0
2018-02-27,11.05,11.05,11.05,11.05,0
2018-02-28,11.05,11.05,11.05,11.05,0
2018-03-01,11.05,11.05,11.05,11.05,100
2018-03-02,11.05,11.05,11.05,11.05,0
2018-03-05,11.05,11.05,11.05,11.05,0
2018-03-06,11.05,11.05,11.05,11.05,0
2018-03-07,11.05,11.05,11.05,11.05,0
2018-03-08,11.05,11.05,11.05,11.05,0
2018-03-09,11.05,11.05,11.05,11.05,0
2018-03-12,11.05,11.05,11.05,11.05,0
2018-03-13,11.05,11.05,11.05,11.05,0
2018-03-14,11.05,11.05,11.05,11.05,0
2018-03-15,11.05,11.05,11.05,11.05,0
2018-03-16,11.05,11.05,11.05,11.05,0
2018-03-19,11.05,11.05,11.05,11.05,0
2018-03-20,11.05,11.05,11.05,11.05,0
2018-03-21,11.81,11.81,11.81,11.81,100
2018-03-22,11.81,11.81,11.81,11.81,0
2018-03-23,11.81,11.81,11.81,11.81,0
2018-03-26,11.81,11.81,11.81,11.81,0
2018-03-27,11.81,11.81,11.81,11.81,0
2018-03-28,11.81,11.81,11.81,11.81,0
2018-03-29,11.81,11.81,11.81,11.81,0
2018-03-30,11.81,11.81,11.81,11.81,0
2018-04-02,11.81,11.81,11.81,11.81,0
2018-04-03,11.81,11.81,11.81,11.81,0
2018-04-04,11.81,11.81,11.81,11.81,0
2018-04-05,11.81,11.81,11.81,11.81,0
2018-04-06,11.81,11.81,11.81,11.81,0
2018-04-09,11.81,11.81,11.81,11.81,0
2018-04-10,11.81,11.81,11.81,11.81,0
2018-04-11,11.81,11.81,11.81,11.81,0
2018-04-12,11.81,11.81,11.81,11.81,0
2018-04-13,11.81,11.81,11.81,11.81,0
2018-04-16,11.81,11.81,11.81,11.81,0
2018-04-17,11.81,11.81,11.81,11.81,0
2018-04-18,11.81,11.81,11.81,11.81,0
2018-04-19,11.81,11.81,11.81,11.81,0
2018-04-20,11.81,11.81,11.81,11.81,0
2018-04-23,11.81,11.81,11.81,11.81,0
2018-04-24,11.81,11.81,11.81,11.81,0
2018-04-26,11.81,11.81,11.81,11.81,0
2018-04-27,11.81,11.81,11.81,11.81,0
2018-05-02,11.81,11.81,11.81,11.81,0
2018-05-03,11.81,11.81,11.81,11.81,0
2018-05-04,11.81,11.81,11.81,11.81,0
2018-05-07,11.81,11.81,11.81,11.81,0
2018-05-08,11.81,11.81,11.81,11.81,0
2018-05-09,11.81,11.81,11.81,11.81,0
2018-05-10,11.81,11.81,11.81,11.81,0
2018-05-11,11.81,11.81,11.81,11.81,0
2018-05-14,11.81,11.81,11.81,11.81,0
2018-05-15,11.81,11.81,11.81,11.81,0
2018-05-16,11.81,11.81,11.81,11.81,0
2018-05-17,11.81,11.81,11.81,11.81,0
2018-05-18,11.81,11.81,11.81,11.81,0
2018-05-21,11.81,11.81,11.81,11.81,0
2018-05-22,11.81,11.81,11.81,11.81,0
2018-05-23,11.81,11.81,11.81,11.81,0
2018-05-24,11.81,11.81,11.81,11.81,0
2018-05-25,11.81,11.81,11.81,11.81,0
2018-05-28,11.81,11.81,11.81,11.81,0
2018-05-29,11.81,11.81,11.81,11.81,0
2018-05-30,11.81,11.81,11.81,11.81,0
2018-05-31,11.81,11.81,11.81,11.81,0
2018-06-01,11.81,11.81,11.81,11.81,0
2018-06-04,11.81,11.81,11.81,11.81,0
2018-06-05,11.81,11.81,11.81,11.81,0
2018-06-06,11.81,11.81,11.81,11.81,0
2018-06-07,11.81,11.81,11.81,11.81,0
2018-06-08,11.81,11.81,11.81,11.81,0
2018-06-11,11.81,11.81,11.81,11.81,0
2018-06-12,11.81,11.81,11.81,11.81,0
2018-06-13,11.81,11.81,11.81,11.81,0
2018-06-14,11.81,11.81,11.81,11.81,0
2018-06-15,11.81,11.81,11.81,11.81,0
2018-06-18,11.81,11.81,11.81,11.81,0
2018-06-19,11.81,11.81,11.81,11.81,0
2018-06-20,11.81,11.81,11.81,11.81,0
2018-06-21,11.81,11.81,11.81,11.81,0
2018-06-22,11.81,11.81,11.81,11.81,0
2018-06-25,11.81,11.81,11.81,11.81,0
2018-06-26,11.81,11.81,11.81,11.81,0
2018-06-27,11.81,11.81,11.81,11.81,0
2018-06-28,11.81,11.81,11.81,11.81,0
2018-06-29,11.81,11.81,11.81,11.81,0
2018-07-02,11.81,11.81,11.81,11.81,0
2018-07-03,11.81,11.81,11.81,11.81,0
2018-07-04,11.81,11.81,11.81,11.81,0
2018-07-05,11.81,11.81,11.81,11.81,0
2018-07-06,11.81,11.81,11.81,11.81,0
2018-07-09,11.81,11.81,11.81,11.81,0
2018-07-10,11.81,11.81,11.81,11.81,0
2018-07-11,11.81,11.81,11.81,11.81,0
2018-07-12,11.81,11.81,11.81,11.81,0
2018-07-13,11.81,11.81,11.81,11.81,0
2018-07-16,11.81,11.81,11.81,11.81,0
2018-07-17,11.81,11.81,11.81,11.81,0
2018-07-18,11.81,11.81,11.81,11.81,0
2018-07-19,11.81,11.81,11.81,11.81,0
2018-07-20,11.81,11.81,11.81,11.81,0
2018-07-23,11.81,11.81,11.81,11.81,0
2018-07-24,11.81,11.81,11.81,11.81,0
2018-07-25,11.81,11.81,11.81,11.81,0
2018-07-26,11.81,11.81,11.81,11.81,0
2018-07-27,11.81,11.81,11.81,11.81,0
2018-07-30,11.81,11.81,11.81,11.81,0
2018-07-31,11.81,11.81,11.81,11.81,0
2018-08-01,11.81,11.81,11.81,11.81,0
2018-08-02,7.49,7.49,7.49,7.49,3200
2018-08-03,7.49,7.49,7.49,7.49,0
2018-08-06,7.49,7.49,7.49,7.49,0
2018-08-07,7.49,7.49,7.49,7.49,0
2018-08-08,8.55,8.55,8.55,8.55,200
2018-08-09,8.55,8.55,8.55,8.55,0
2018-08-10,8.55,8.55,8.55,8.55,0
2018-08-13,8.55,8.55,8.55,8.55,0
2018-08-14,8.55,8.55,8.55,8.55,0
2018-08-15,8.55,8.55,8.55,8.55,0
2018-08-16,8.55,8.55,8.55,8.55,0
2018-08-17,7.32,7.32,7.32,7.32,10000
2018-08-20,7.32,7.32,7.32,7.32,0
2018-08-21,7.32,7.32,7.32,7.32,0
2018-08-22,7.32,7.32,7.32,7.32,0
2018-08-23,7.32,7.32,7.32,7.32,0
2018-08-24,7.32,7.32,7.32,7.32,0
2018-08-27,7.67,8.37,7.67,8.37,3600
2018-08-28,7.76,7.76,7.76,7.76,0
2018-08-29,7.76,7.76,7.76,7.76,0
2018-08-30,7.76,7.76,7.76,7.76,0
2018-08-31,7.76,7.76,7.76,7.76,0
2018-09-04,7.76,7.76,7.76,7.76,0
2018-09-05,7.76,7.76,7.76,7.76,0
2018-09-06,7.76,7.76,7.76,7.76,0
2018-09-07,7.76,7.76,7.76,7.76,0
2018-09-10,7.76,7.76,7.76,7.76,0
2018-09-11,7.76,7.76,7.76,7.76,0
2018-09-12,7.76,7.76,7.76,7.76,0
2018-09-13,7.76,7.76,7.76,7.76,0
2018-09-14,7.76,7.76,7.76,7.76,0
2018-09-17,7.76,7.76,7.76,7.76,0
2018-09-18,7.76,7.76,7.76,7.76,0
2018-09-19,7.76,7.76,7.76,7.76,0
2018-09-20,7.76,7.76,7.76,7.76,0
2018-09-21,7.76,7.76,7.76,7.76,0
2018-09-24,7.76,7.76,7.76,7.76,0
2018-09-25,7.76,7.76,7.76,7.76,0
2018-09-26,7.76,7.76,7.76,7.76,0
2018-09-27,7.76,7.76,7.76,7.76,0
2018-09-28,7.76,7.76,7.76,7.76,0
2018-10-01,7.76,7.76,7.76,7.76,0
2018-10-02,7.76,7.76,7.76,7.76,0
2018-10-03,7.76,7.76,7.76,7.76,0
2018-10-04,7.76,7.76,7.76,7.76,0
2018-10-05,7.76,7.76,7.76,7.76,0
2018-10-08,7.76,7.76,7.76,7.76,0
2018-10-09,7.76,7.76,7.76,7.76,0
2018-10-10,7.76,7.76,7.76,7.76,0
2018-10-11,7.76,7.76,7.76,7.76,0
2018-10-12,7.76,7.76,7.76,7.76,0
2018-10-15,7.76,7.76,7.76,7.76,0
2018-10-16,7.76,7.76,7.76,7.76,0
2018-10-17,7.76,7.76,7.76,7.76,0
2018-10-18,7.76,7.76,7.76,7.76,0
2018-10-19,7.05,7.05,7.05,7.05,1400
2018-10-22,7.05,7.05,7.05,7.05,0
2018-10-23,7.05,7.05,7.05,7.05,0
2018-10-24,7.05,7.05,7.05,7.05,0
2018-10-25,7.05,7.05,7.05,7.05,0
2018-10-26,7.05,7.05,7.05,7.05,0
2018-10-29,7.05,7.05,7.05,7.05,0
2018-10-30,7.05,7.05,7.05,7.05,0
2018-10-31,7.05,7.05,7.05,7.05,0
2018-11-01,7.05,7.05,7.05,7.05,0
2018-11-02,7.05,7.05,7.05,7.05,0
2018-11-05,7.05,7.05,7.05,7.05,0
2018-11-06,7.05,7.05,7.05,7.05,0
2018-11-07,7.05,7.05,7.05,7.05,0
2018-11-08,7.05,7.05,7.05,7.05,0
2018-11-09,7.05,7.05,7.05,7.05,0
2018-11-12,7.05,7.05,7.05,7.05,0
2018-11-13,7.05,7.05,7.05,7.05,0
2018-11-14,7.05,7.05,7.05,7.05,0
2018-11-15,7.05,7.05,7.05,7.05,0
2018-11-16,7.05,7.05,7.05,7.05,0
2018-11-19,7.05,7.05,7.05,7.05,0
2018-11-20,7.05,7.05,7.05,7.05,0
2018-11-21,7.05,7.05,7.05,7.05,0
2018-11-22,7.05,7.05,7.05,7.05,0
2018-11-23,7.05,7.05,7.05,7.05,0
2018-11-26,7.05,7.05,7.05,7.05,0
2018-11-27,7.05,7.05,7.05,7.05,0
2018-11-28,7.05,7.05,7.05,7.05,0
2018-11-29,7.05,7.05,7.05,7.05,0
2018-11-30,7.05,7.05,7.05,7.05,0
2018-12-03,7.05,7.05,7.05,7.05,0
2018-12-04,7.05,7.05,7.05,7.05,0
2018-12-05,7.05,7.05,7.05,7.05,0
2018-12-06,7.05,7.05,7.05,7.05,0
2018-12-07,7.05,7.05,7.05,7.05,0
2018-12-10,7.05,7.05,7.05,7.05,0
2018-12-11,7.05,7.05,7.05,7.05,0
2018-12-12,7.05,7.05,7.05,7.05,0
2018-12-13,7.05,7.05,7.05,7.05,0
2018-12-14,7.05,7.05,7.05,7.05,0
2018-12-17,7.05,7.05,7.05,7.05,0
2018-12-18,7.05,7.05,7.05,7.05,0
2018-12-19,7.05,7.05,7.05,7.05,0
2018-12-20,7.05,7.05,7.05,7.05,0
2018-12-21,7.05,7.05,7.05,7.05,0
2018-12-24,7.05,7.05,7.05,7.05,0
2018-12-25,7.05,7.05,7.05,7.05,0
2018-12-26,7.05,7.05,7.05,7.05,0
2018-12-27,7.05,7.05,7.05,7.05,0
2018-12-28,7.05,7.05,7.05,7.05,0
2019-01-02,7.05,7.05,7.05,7.05,0
2019-01-03,7.05,7.05,7.05,7.05,0
2019-01-04,7.05,7.05,7.05,7.05,0
2019-01-07,7.05,7.05,7.05,7.05,0
2019-01-08,7.05,7.05,7.05,7.05,0
2019-01-09,7.05,7.05,7.05,7.05,0
2019-01-10,7.05,7.05,7.05,7.05,0
2019-01-11,7.05,7.05,7.05,7.05,0
2019-01-14,7.05,7.05,7.05,7.05,0
2019-01-15,7.05,7.05,7.05,7.05,0
2019-01-16,7.05,7.05,7.05,7.05,0
2019-01-17,7.05,7.05,7.05,7.05,0
2019-01-18,7.05,7.05,7.05,7.05,0
2019-01-21,7.05,7.05,7.05,7.05,0
2019-01-22,7.05,7.05,7.05,7.05,0
2019-01-23,7.05,7.05,7.05,7.05,0
2019-01-24,7.05,7.05,7.05,7.05,0
2019-01-25,7.05,7.05,7.05,7.05,0
2019-01-28,7.05,7.05,7.05,7.05,0
2019-01-29,9.87,9.87,9.87,9.87,100
2019-01-30,9.87,9.87,9.87,9.87,0
2019-01-31,9.87,9.87,9.87,9.87,0
2019-02-01,9.87,9.87,9.87,9.87,0
2019-02-11,9.87,9.87,9.87,9.87,0
2019-02-12,9.87,9.87,9.87,9.87,0
2019-02-13,9.87,9.87,9.87,9.87,0
2019-02-14,9.87,9.87,9.87,9.87,0
2019-02-15,9.87,9.87,9.87,9.87,0
2019-02-18,9.87,9.87,9.87,9.87,0
2019-02-19,9.87,9.87,9.87,9.87,0
2019-02-20,9.87,9.87,9.87,9.87,0
2019-02-21,9.87,9.87,9.87,9.87,0
2019-02-22,9.87,9.87,9.87,9.87,0
2019-02-25,9.87,9.87,9.87,9.87,0
2019-02-26,9.87,9.87,9.87,9.87,0
2019-02-27,9.87,9.87,9.87,9.87,0
2019-02-28,9.87,9.87,9.87,9.87,0
2019-03-01,9.87,9.87,9.87,9.87,0
2019-03-04,9.87,9.87,9.87,9.87,0
2019-03-05,9.87,9.87,9.87,9.87,0
2019-03-06,9.87,9.87,9.87,9.87,0
2019-03-07,9.87,9.87,9.87,9.87,0
2019-03-08,11.28,11.28,11.28,11.28,100
2019-03-11,11.28,11.28,11.28,11.28,0
2019-03-12,11.28,11.28,11.28,11.28,0
2019-03-13,11.28,11.28,11.28,11.28,0
2019-03-14,11.28,11.28,11.28,11.28,0
2019-03-15,11.28,11.28,11.28,11.28,0
2019-03-18,11.28,11.28,11.28,11.28,0
2019-03-19,11.28,11.28,11.28,11.28,0
2019-03-20,11.28,11.28,11.28,11.28,0
2019-03-21,11.28,11.28,11.28,11.28,0
2019-03-22,11.28,11.28,11.28,11.28,0
2019-03-25,11.28,11.28,11.28,11.28,0
2019-03-26,11.28,11.28,11.28,11.28,0
2019-03-27,11.28,11.28,11.28,11.28,0
2019-03-28,11.28,11.28,11.28,11.28,0
2019-03-29,11.28,11.28,11.28,11.28,0
2019-04-01,11.28,11.28,11.28,11.28,0
2019-04-02,11.28,11.28,11.28,11.28,0
2019-04-03,11.28,11.28,11.28,11.28,0
2019-04-04,11.28,11.28,11.28,11.28,0
2019-04-05,11.28,11.28,11.28,11.28,0
2019-04-08,9.61,9.61,9.61,9.61,3000
2019-04-09,8.37,8.37,8.37,8.37,500
2019-04-10,9.61,9.61,9.61,9.61,100
2019-04-11,9.61,9.61,9.61,9.61,0
2019-04-12,9.7,9.7,9.7,9.7,100
2019-04-16,9.7,9.7,9.7,9.7,0
2019-04-17,9.7,9.7,9.7,9.7,0
2019-04-18,9.7,9.7,9.7,9.7,0
2019-04-19,9.7,9.7,9.7,9.7,0
2019-04-22,9.7,9.7,9.7,9.7,0
2019-04-23,9.7,9.7,9.7,9.7,0
2019-04-24,9.7,9.7,9.7,9.7,0
2019-04-25,9.7,9.7,9.7,9.7,0
2019-04-26,9.7,9.7,9.7,9.7,0
2019-05-02,9.7,9.7,9.7,9.7,0
2019-05-03,9.7,9.7,9.7,9.7,0
2019-05-06,9.7,9.7,9.7,9.7,0
2019-05-07,9.7,9.7,9.7,9.7,0
2019-05-08,9.7,9.7,9.7,9.7,0
2019-05-09,9.7,9.7,9.7,9.7,0
2019-05-10,9.7,9.7,9.7,9.7,0
2019-05-13,9.7,9.7,9.7,9.7,0
2019-05-14,9.7,9.7,9.7,9.7,0
2019-05-15,9.7,9.7,9.7,9.7,0
2019-05-16,9.7,9.7,9.7,9.7,0
2019-05-17,9.7,9.7,9.7,9.7,0
2019-05-20,9.7,9.7,9.7,9.7,0
2019-05-21,9.7,9.7,9.7,9.7,0
2019-05-22,9.7,9.7,9.7,9.7,0
2019-05-23,9.7,10.26,10.26,10.26,0
2019-05-24,9.7,10.26,10.26,10.26,0
2019-05-27,9.7,10.26,10.26,10.26,0
2019-05-28,9.7,10.26,10.26,10.26,0
2019-05-29,9.7,10.26,10.26,10.26,0
2019-05-30,9.7,10.26,10.26,10.26,0
2019-05-31,9.7,10.26,10.26,10.26,0
2019-06-03,9.7,10.26,10.26,10.26,0
2019-06-04,9.7,10.26,10.26,10.26,0
2019-06-05,9.7,10.26,10.26,10.26,0
2019-06-06,9.7,10.26,10.26,10.26,0
2019-06-07,9.7,10.26,10.26,10.26,0
2019-06-10,9.7,10.26,10.26,10.26,0
2019-06-11,9.7,10.26,10.26,10.26,0
2019-06-12,9.7,10.26,10.26,10.26,0
2019-06-13,9.7,10.26,10.26,10.26,0
2019-06-14,9.7,10.26,10.26,10.26,0
2019-06-17,7.46,7.46,7.46,7.46,7000
2019-06-18,7.46,7.46,7.46,7.46,0
2019-06-19,7.46,7.46,7.46,7.46,0
2019-06-20,6.34,6.34,6.34,6.34,2000
2019-06-21,6.34,6.34,6.34,6.34,0
2019-06-24,6.34,6.34,6.34,6.34,0
2019-06-25,6.34,6.34,6.34,6.34,0
2019-06-26,6.34,6.34,6.34,6.34,0
2019-06-27,6.34,6.34,6.34,6.34,0
2019-06-28,6.34,6.34,6.34,6.34,0
2019-07-01,6.34,6.34,6.34,6.34,0
2019-07-02,6.34,6.34,6.34,6.34,0
2019-07-03,6.34,6.34,6.34,6.34,0
2019-07-04,6.34,6.34,6.34,6.34,0
2019-07-05,6.34,6.34,6.34,6.34,0
2019-07-08,6.34,6.34,6.34,6.34,0
2019-07-09,6.34,6.34,6.34,6.34,0
2019-07-10,6.34,6.34,6.34,6.34,0
2019-07-11,6.34,6.34,6.34,6.34,0
2019-07-12,6.34,6.34,6.34,6.34,0
2019-07-15,6.34,6.34,6.34,6.34,0
2019-07-16,6.34,6.34,6.34,6.34,0
2019-07-17,6.34,6.34,6.34,6.34,0
2019-07-18,6.34,6.34,6.34,6.34,0
2019-07-19,6.34,6.34,6.34,6.34,0
2019-07-22,6.34,6.34,6.34,6.34,0
2019-07-23,6.34,6.34,6.34,6.34,0
2019-07-24,6.34,6.34,6.34,6.34,0
2019-07-25,6.34,6.34,6.34,6.34,0
2019-07-26,6.34,6.34,6.34,6.34,0
2019-07-29,6.34,6.34,6.34,6.34,0
2019-07-30,6.34,6.34,6.34,6.34,0
2019-07-31,3.82,8.86,3.82,8.86,2800
2019-08-01,6.62,6.62,6.62,6.62,100
2019-08-02,6.62,6.62,6.62,6.62,0
2019-08-05,6.62,6.62,6.62,6.62,0
2019-08-06,6.62,6.62,6.62,6.62,0
2019-08-07,6.62,6.62,6.62,6.62,0
2019-08-08,6.62,6.62,6.62,6.62,0
2019-08-09,6.62,6.62,6.62,6.62,0
2019-08-12,6.62,6.62,6.62,6.62,0
2019-08-13,6.62,6.62,6.62,6.62,0
2019-08-14,6.62,6.62,6.62,6.62,0
2019-08-15,6.62,6.62,6.62,6.62,0
2019-08-16,6.62,6.62,6.62,6.62,0
2019-08-19,6.62,6.62,6.62,6.62,0
2019-08-20,6.62,6.62,6.62,6.62,0
2019-08-21,5.69,5.69,5.69,5.69,120
2019-08-22,6.53,6.53,6.53,6.53,500
2019-08-23,7.46,7.46,7.46,7.46,100
2019-08-26,8.58,8.58,8.58,8.58,700
2019-08-27,9.79,9.79,9.79,9.79,600
2019-08-28,11.19,11.19,11.19,11.19,8000
2019-08-29,12.77,12.77,12.77,12.77,100
2019-08-30,12.77,12.77,12.77,12.77,0
2019-09-03,10.91,10.91,10.91,10.91,4000
2019-09-04,10.91,10.91,10.91,10.91,0
2019-09-05,10.91,10.91,10.91,10.91,0
2019-09-06,10.91,10.91,10.91,10.91,0
2019-09-09,10.91,10.91,10.91,10.91,0
2019-09-10,10.91,10.91,10.91,10.91,0
2019-09-11,10.91,10.91,10.91,10.91,0
2019-09-12,10.91,10.91,10.91,10.91,0
2019-09-13,10.91,10.91,10.91,10.91,0
2019-09-16,11.65,11.65,11.65,11.65,300
2019-09-17,11.65,11.65,11.65,11.65,0
2019-09-18,11.65,11.65,11.65,11.65,0
2019-09-19,11.65,11.65,11.65,11.65,0
2019-09-20,11.65,11.65,11.65,11.65,0
2019-09-23,9.98,10.72,9.98,10.26,1800
2019-09-24,10.26,10.26,10.26,10.26,0
2019-09-25,10.26,10.26,10.26,10.26,0
2019-09-26,10.26,10.26,10.26,10.26,0
2019-09-27,10.26,10.26,10.26,10.26,0
2019-09-30,10.26,10.26,10.26,10.26,0
2019-10-01,10.26,10.26,10.26,10.26,0
2019-10-02,10.26,10.26,10.26,10.26,0
2019-10-03,10.26,10.26,10.26,10.26,0
2019-10-04,10.26,10.26,10.26,10.26,0
2019-10-07,10.26,10.26,10.26,10.26,0
2019-10-08,10.26,10.26,10.26,10.26,0
2019-10-09,10.26,10.26,10.26,10.26,0
2019-10-10,10.26,10.26,10.26,10.26,0
2019-10-11,10.26,10.26,10.26,10.26,0
2019-10-14,10.26,10.26,10.26,10.26,0
2019-10-15,10.26,10.26,10.26,10.26,0
2019-10-16,10.26,10.26,10.26,10.26,0
2019-10-17,10.26,10.26,10.26,10.26,0
2019-10-18,10.26,10.26,10.26,10.26,0
2019-10-21,10.26,10.26,10.26,10.26,0
2019-10-22,10.26,10.26,10.26,10.26,0
2019-10-23,9.32,9.32,8.76,8.76,700
2019-10-24,8.86,8.76,8.76,8.76,0
2019-10-25,8.86,8.76,8.76,8.76,0
2019-10-28,8.86,8.76,8.76,8.76,0
2019-10-29,8.86,8.76,8.76,8.76,0
2019-10-30,8.86,8.76,8.76,8.76,0
2019-10-31,8.86,8.86,8.86,8.86,0
2019-11-01,8.86,8.76,8.76,8.76,0
2019-11-04,8.86,8.76,8.76,8.76,0
2019-11-05,8.86,8.76,8.76,8.76,0
2019-11-06,8.86,8.86,8.86,8.86,4000
2019-11-07,8.86,8.86,8.86,8.86,0
2019-11-08,8.86,8.86,8.86,8.86,0
2019-11-11,8.86,8.86,8.86,8.86,0
2019-11-12,8.86,9.32,8.86,9.32,3500
2019-11-13,9.04,9.32,9.32,9.32,0
2019-11-14,9.04,9.32,9.32,9.32,0
2019-11-15,9.04,9.32,9.32,9.32,0
2019-11-18,9.04,9.32,9.32,9.32,0
2019-11-19,9.04,9.32,9.32,9.32,0
2019-11-20,9.04,9.32,9.32,9.32,0
2019-11-21,9.04,9.32,9.32,9.32,0
2019-11-22,9.04,9.04,9.04,9.04,0
2019-11-25,9.04,9.32,9.32,9.32,0
2019-11-26,9.04,9.32,9.32,9.32,0
2019-11-27,9.04,9.32,9.32,9.32,0
2019-11-28,9.04,9.32,9.32,9.32,0
2019-11-29,9.04,9.32,9.32,9.32,0
2019-12-02,9.04,9.04,9.04,9.04,0
2019-12-03,9.04,9.32,9.32,9.32,0
2019-12-04,9.04,9.32,9.32,9.32,0
2019-12-05,9.04,9.32,9.32,9.32,0
2019-12-06,9.04,9.32,9.32,9.32,0
2019-12-09,9.04,9.32,9.32,9.32,0
2019-12-10,9.04,9.32,9.32,9.32,0
2019-12-11,9.04,9.32,9.32,9.32,0
2019-12-12,9.04,9.32,9.32,9.32,0
2019-12-13,9.04,9.32,9.32,9.32,0
2019-12-16,9.04,9.32,9.32,9.32,0
2019-12-17,9.04,9.32,9.32,9.32,0
2019-12-18,9.04,9.32,9.32,9.32,0
2019-12-19,9.04,9.32,9.32,9.32,0
2019-12-20,9.04,9.32,9.32,9.32,0
2019-12-23,9.04,9.32,9.32,9.32,0
2019-12-24,9.04,9.32,9.32,9.32,0
2019-12-25,9.04,9.32,9.32,9.32,0
2019-12-26,9.04,9.32,9.32,9.32,0
2019-12-27,9.04,9.32,9.32,9.32,0
2019-12-30,9.04,9.32,9.32,9.32,0
2019-12-31,10.35,10.35,10.35,10.35,100
2020-01-02,10.35,10.35,10.35,10.35,0
2020-01-03,10.35,10.35,10.35,10.35,0
2020-01-06,10.35,10.35,10.35,10.35,0
2020-01-07,10.35,10.35,10.35,10.35,0
2020-01-08,10.35,10.35,10.35,10.35,0
2020-01-09,10.35,10.35,10.35,10.35,0
2020-01-10,10.35,10.35,10.35,10.35,0
2020-01-13,10.35,10.35,10.35,10.35,0
2020-01-14,10.35,10.35,10.35,10.35,0
2020-01-15,10.35,10.35,10.35,10.35,0
2020-01-16,10.35,10.35,10.35,10.35,0
2020-01-17,10.35,10.35,10.35,10.35,0
2020-01-20,10.35,10.35,10.35,10.35,0
2020-01-21,10.35,10.35,10.35,10.35,0
2020-01-22,10.35,10.35,10.35,10.35,0
2020-01-30,10.35,10.35,10.35,10.35,0
2020-01-31,10.35,10.35,10.35,10.35,0
2020-02-03,10.35,10.35,10.35,10.35,0
2020-02-04,10.35,10.35,10.35,10.35,0
2020-02-05,10.35,10.35,10.35,10.35,0
2020-02-06,10.35,10.35,10.35,10.35,0
2020-02-07,9.32,9.32,9.32,9.32,2000
2020-02-10,9.32,9.32,9.32,9.32,0
2020-02-11,9.32,9.32,9.32,9.32,0
2020-02-12,9.32,9.32,9.32,9.32,0
2020-02-13,9.32,9.32,9.32,9.32,0
2020-02-14,9.32,9.32,9.32,9.32,0
2020-02-17,9.32,9.32,9.32,9.32,0
2020-02-18,9.32,9.32,9.32,9.32,0
2020-02-19,9.32,9.32,9.32,9.32,0
2020-02-20,10.26,10.26,10.26,10.26,500
2020-02-21,10.26,10.26,10.26,10.26,0
2020-02-24,10.26,10.26,10.26,10.26,0
2020-02-25,10.26,10.26,10.26,10.26,0
2020-02-26,10.26,10.26,10.26,10.26,0
2020-02-27,10.26,10.26,10.26,10.26,0
2020-02-28,10.26,10.26,10.26,10.26,0
2020-03-02,10.26,10.26,10.26,10.26,0
2020-03-03,10.26,10.26,10.26,10.26,0
2020-03-04,10.26,10.26,10.26,10.26,0
2020-03-05,10.26,10.26,10.26,10.26,0
2020-03-06,10.26,10.26,10.26,10.26,0
2020-03-09,10.26,10.26,10.26,10.26,0
2020-03-10,10.26,10.26,10.26,10.26,0
2020-03-11,10.26,10.26,10.26,10.26,0
2020-03-12,10.26,10.26,10.26,10.26,0
2020-03-13,10.26,10.26,10.26,10.26,0
2020-03-16,10.26,10.26,10.26,10.26,0
2020-03-17,10.26,10.26,10.26,10.26,0
2020-03-18,10.26,10.26,10.26,10.26,0
2020-03-19,10.26,10.26,10.26,10.26,0
2020-03-20,10.26,10.26,10.26,10.26,0
2020-03-23,10.26,10.26,10.26,10.26,0
2020-03-24,10.26,10.26,10.26,10.26,0
2020-03-25,10.26,10.26,10.26,10.26,0
2020-03-26,10.26,10.26,10.26,10.26,0
2020-03-27,10.26,10.26,10.26,10.26,0
2020-03-30,9.79,9.79,9.79,9.79,3300
2020-03-31,9.79,9.79,9.79,9.79,0
2020-04-01,9.79,9.79,9.79,9.79,0
2020-04-03,9.79,9.79,9.79,9.79,0
2020-04-06,9.79,9.79,9.79,9.79,0
2020-04-07,9.79,9.79,9.79,9.79,0
2020-04-08,9.79,9.79,9.79,9.79,0
2020-04-09,9.79,9.79,9.79,9.79,0
2020-04-10,9.79,9.79,9.79,9.79,0
2020-04-13,9.79,9.79,9.79,9.79,0
2020-04-14,9.79,9.79,9.79,9.79,0
2020-04-15,9.79,9.79,9.79,9.79,0
2020-04-16,9.79,9.79,9.79,9.79,0
2020-04-17,9.79,9.79,9.79,9.79,0
2020-04-20,9.79,9.79,9.79,9.79,0
2020-04-21,9.79,9.79,9.79,9.79,0
2020-04-22,9.79,9.79,9.79,9.79,0
2020-04-23,9.79,9.79,9.79,9.79,0
2020-04-24,9.79,9.79,9.79,9.79,0
2020-04-27,9.79,9.79,9.79,9.79,0
2020-04-28,9.79,9.79,9.79,9.79,0
2020-04-29,9.79,9.79,9.79,9.79,0
2020-05-04,9.79,9.79,9.79,9.79,0
2020-05-05,9.79,9.79,9.79,9.79,0
2020-05-06,9.79,9.79,9.79,9.79,0
2020-05-07,9.79,9.79,9.79,9.79,0
2020-05-08,9.79,9.79,9.79,9.79,0
2020-05-11,9.79,10.28,10.28,10.28,0
2020-05-12,9.79,10.28,10.28,10.28,0
2020-05-13,9.79,10.28,10.28,10.28,0
2020-05-14,9.79,10.28,10.28,10.28,0
2020-05-15,9.79,10.28,10.28,10.28,0
2020-05-18,9.79,10.28,10.28,10.28,0
2020-05-19,9.79,10.28,10.28,10.28,0
2020-05-20,9.79,10.28,10.28,10.28,0
2020-05-21,9.79,10.28,10.28,10.28,0
2020-05-22,9.79,10.28,10.28,10.28,0
2020-05-25,9.79,10.28,10.28,10.28,0
2020-05-26,9.79,10.28,10.28,10.28,0
2020-05-27,9.79,10.28,10.28,10.28,0
2020-05-28,9.79,10.28,10.28,10.28,0
2020-05-29,9.79,10.28,10.28,10.28,0
2020-06-01,9.79,10.28,10.28,10.28,0
2020-06-02,9.79,10.28,10.28,10.28,0
2020-06-03,9.79,10.28,10.28,10.28,0
2020-06-04,9.79,10.28,10.28,10.28,0
2020-06-05,9.79,9.79,9.79,9.79,500
2020-06-08,9.79,9.79,9.79,9.79,500
2020-06-09,9.79,9.79,9.79,9.79,0
2020-06-10,9.79,9.79,9.79,9.79,0
2020-06-11,9.79,9.79,9.79,9.79,0
2020-06-12,10.28,10.28,10.28,10.28,2800
2020-06-15,10.28,10.28,10.28,10.28,0
2020-06-16,10.28,10.28,10.28,10.28,0
2020-06-17,10.28,10.28,10.28,10.28,0
2020-06-18,10.28,10.28,10.28,10.28,0
2020-06-19,10.28,10.28,10.28,10.28,0
2020-06-22,10.28,10.28,10.28,10.28,0
2020-06-23,10.28,10.28,10.28,10.28,0
2020-06-24,10.28,10.28,10.28,10.28,0
2020-06-25,10.28,10.28,10.28,10.28,0
2020-06-26,10.28,10.28,10.28,10.28,0
2020-06-29,10.28,10.28,10.28,10.28,0
2020-06-30,10.28,10.28,10.28,10.28,0
2020-07-01,10.28,10.28,10.28,10.28,0
2020-07-02,10.28,10.28,10.28,10.28,0
2020-07-03,10.28,10.28,10.28,10.28,11410
2020-07-06,10.28,10.28,10.28,10.28,0
2020-07-07,10.28,10.28,10.28,10.28,0
2020-07-08,10.28,10.28,10.28,10.28,0
2020-07-09,10.28,10.28,10.28,10.28,0
2020-07-10,10.28,10.28,10.28,10.28,0
2020-07-13,10.28,10.28,10.28,10.28,0
2020-07-14,10.28,10.28,10.28,10.28,0
2020-07-15,10.28,10.28,10.28,10.28,0
2020-07-16,10.28,10.28,10.28,10.28,0
2020-07-17,10.28,10.28,10.28,10.28,0
2020-07-20,10.28,10.28,10.28,10.28,0
2020-07-21,10.28,10.28,10.28,10.28,0
2020-07-22,10.28,10.28,10.28,10.28,0
2020-07-23,10.28,10.28,10.28,10.28,0
2020-07-24,10.28,10.28,10.28,10.28,0
2020-07-27,10.28,10.28,10.28,10.28,0
2020-07-28,10.28,10.28,10.28,10.28,0
2020-07-29,10.28,10.28,10.28,10.28,0
2020-07-30,10.28,10.28,10.28,10.28,0
2020-07-31,10.28,10.28,10.28,10.28,0
2020-08-03,10.28,10.28,10.28,10.28,0
2020-08-04,10.28,10.28,10.28,10.28,0
2020-08-05,10.28,10.28,10.28,10.28,0
2020-08-06,10.28,10.28,10.28,10.28,1000
2020-08-07,10.28,10.28,10.28,10.28,0
2020-08-10,10.28,10.28,10.28,10.28,0
2020-08-11,10.28,10.28,10.28,10.28,0
2020-08-12,10.28,10.28,10.28,10.28,0
2020-08-13,10.28,10.28,10.28,10.28,0
2020-08-14,10.28,10.28,10.28,10.28,0
2020-08-17,10.28,10.28,10.28,10.28,0
2020-08-18,10.28,10.28,10.28,10.28,0
2020-08-19,10.28,10.28,10.28,10.28,0
2020-08-20,10.28,10.28,10.28,10.28,0
2020-08-21,10.28,10.28,10.28,10.28,0
2020-08-24,10.28,10.28,10.28,10.28,0
2020-08-25,10.28,10.28,10.28,10.28,700
2020-08-26,10.28,10.28,10.28,10.28,1
2020-08-27,10.28,10.28,10.28,10.28,5300
2020-08-28,10.28,10.28,10.28,10.28,0
2020-08-31,10.28,10.28,10.28,10.28,0
2020-09-01,10.28,10.28,10.28,10.28,300
2020-09-03,10.28,10.28,10.28,10.28,5000
2020-09-04,10.28,10.28,10.28,10.28,0
2020-09-07,10.28,10.28,10.28,10.28,500
2020-09-08,10.28,10.28,10.28,10.28,0
2020-09-09,10.28,10.28,10.28,10.28,0
2020-09-10,10.28,10.28,10.28,10.28,0
2020-09-11,10.28,10.28,10.28,10.28,69
2020-09-14,10.28,10.28,10.28,10.28,0
2020-09-15,10.28,10.28,10.28,10.28,0
2020-09-16,10.38,10.38,10.38,10.38,7000
2020-09-17,10.38,10.38,10.38,10.38,0
2020-09-18,10.38,10.38,10.38,10.38,0
2020-09-21,10.38,10.38,10.38,10.38,0
2020-09-22,10.38,10.38,10.38,10.38,0
2020-09-23,10.38,10.38,10.38,10.38,0
2020-09-24,10.38,10.38,10.38,10.38,4000
2020-09-25,10.38,10.38,10.38,10.38,0
2020-09-28,10.38,10.38,10.38,10.38,0
2020-09-29,10.38,10.38,10.38,10.38,0
2020-09-30,10.38,10.38,10.38,10.38,0
2020-10-01,10.38,10.38,10.38,10.38,0
2020-10-02,10.38,10.38,10.38,10.38,508
2020-10-05,10.38,10.38,10.38,10.38,0
2020-10-06,10.38,10.38,10.38,10.38,0
2020-10-07,10.38,10.38,10.38,10.38,0
2020-10-08,10.38,10.38,10.38,10.38,0
2020-10-09,10.38,10.38,10.38,10.38,0
2020-10-12,10.38,10.38,10.38,10.38,0
2020-10-13,10.38,10.38,10.38,10.38,0
2020-10-14,10.38,10.38,10.38,10.38,0
2020-10-15,10.38,10.38,10.38,10.38,0
2020-10-16,10.38,10.38,10.38,10.38,0
2020-10-19,10.38,10.38,10.38,10.38,0
2020-10-20,10.38,10.38,10.38,10.38,0
2020-10-21,10.38,10.38,10.38,10.38,0
2020-10-22,10.38,10.38,10.38,10.38,0
2020-10-23,10.38,10.38,10.38,10.38,0
2020-10-26,10.38,10.38,10.38,10.38,0
2020-10-27,10.38,10.38,10.38,10.38,0
2020-10-28,10.38,10.38,10.38,10.38,0
2020-10-29,10.38,10.38,10.38,10.38,0
2020-10-30,10.38,10.38,10.38,10.38,1000
2020-11-02,10.38,10.38,10.38,10.38,1000
2020-11-03,10.38,10.38,10.38,10.38,0
2020-11-04,10.38,10.38,10.38,10.38,0
2020-11-05,10.38,10.38,10.38,10.38,0
2020-11-06,10.38,10.38,10.38,10.38,0
2020-11-09,10.38,10.38,10.38,10.38,0
2020-11-10,10.38,10.38,10.38,10.38,0
2020-11-11,10.38,10.38,10.38,10.38,0
2020-11-12,10.38,10.38,10.38,10.38,0
2020-11-13,10.38,10.38,10.38,10.38,0
2020-11-16,10.38,10.38,10.38,10.38,0
2020-11-17,10.38,10.38,10.38,10.38,0
2020-11-18,10.38,10.38,10.38,10.38,0
2020-11-19,10.38,10.38,10.38,10.38,0
2020-11-20,10.38,10.38,10.38,10.38,0
2020-11-23,10.38,10.38,10.38,10.38,0
2020-11-24,10.38,10.38,10.38,10.38,0
2020-11-25,10.38,10.38,10.38,10.38,0
2020-11-26,10.38,10.38,10.38,10.38,0
2020-11-27,10.38,10.38,10.38,10.38,0
2020-11-30,10.38,10.38,10.38,10.38,0
2020-12-01,10.38,10.38,10.38,10.38,0
2020-12-02,10.38,10.38,10.38,10.38,0
2020-12-03,10.38,10.38,10.38,10.38,0
2020-12-04,10.38,10.38,10.38,10.38,0
2020-12-07,10.38,10.38,10.38,10.38,0
2020-12-08,10.38,10.38,10.38,10.38,0
2020-12-09,10.38,10.38,10.38,10.38,0
2020-12-10,10.38,10.38,10.38,10.38,0
2020-12-11,10.38,10.38,10.38,10.38,0
2020-12-14,10.38,10.38,10.38,10.38,0
2020-12-15,10.38,10.38,10.38,10.38,0
2020-12-16,10.38,10.38,10.38,10.38,0
2020-12-17,10.38,10.38,10.38,10.38,0
2020-12-18,10.38,10.38,10.38,10.38,0
2020-12-21,10.38,10.38,10.38,10.38,0
2020-12-22,10.38,10.38,10.38,10.38,0
2020-12-23,14.49,14.49,14.49,14.49,100
2020-12-24,16.64,16.64,16.64,16.64,100
2020-12-25,18.99,18.99,18.99,18.99,100
2020-12-28,21.83,21.83,21.83,21.83,110
2020-12-29,25.06,25.06,18.6,18.6,200
2020-12-30,25.06,25.06,25.06,25.06,100
2020-12-31,25.06,25.06,25.06,25.06,0
2021-01-04,25.06,25.06,25.06,25.06,0
2021-01-05,25.06,25.06,25.06,25.06,0
2021-01-06,25.06,25.06,25.06,25.06,0
2021-01-07,25.06,25.06,25.06,25.06,0
2021-01-08,25.06,25.06,25.06,25.06,0
2021-01-11,25.06,25.06,25.06,25.06,0
2021-01-12,25.06,25.06,25.06,25.06,0
2021-01-13,25.06,25.06,25.06,25.06,0
2021-01-14,25.06,25.06,25.06,25.06,0
2021-01-15,25.06,25.06,25.06,25.06,0
2021-01-18,25.06,25.06,25.06,25.06,0
2021-01-19,25.06,25.06,25.06,25.06,0
2021-01-20,25.06,25.06,25.06,25.06,0
2021-01-21,25.06,25.06,25.06,25.06,0
2021-01-22,21.34,21.34,21.34,21.34,100
2021-01-25,18.21,18.21,18.21,18.21,100
2021-01-26,15.56,15.56,15.56,15.56,100
2021-01-27,13.7,13.7,13.31,13.31,300
2021-01-28,11.65,11.65,11.65,11.65,1100
2021-01-29,11.65,11.65,11.65,11.65,0
2021-02-01,11.65,11.65,11.65,11.65,0
2021-02-02,11.65,11.65,11.65,11.65,0
2021-02-03,11.65,11.65,11.65,11.65,0
2021-02-04,11.65,11.65,11.65,11.65,0
2021-02-05,11.65,11.65,11.65,11.65,0
2021-02-08,11.65,11.65,11.65,11.65,0
2021-02-09,11.65,11.65,11.65,11.65,0
2021-02-17,11.65,11.65,11.65,11.65,0
2021-02-18,11.65,11.65,11.65,11.65,0
2021-02-19,11.65,11.65,11.65,11.65,0
2021-02-22,11.65,11.65,11.65,11.65,0
2021-02-23,11.65,11.65,11.65,11.65,0
2021-02-24,11.65,11.65,11.65,11.65,0
2021-02-25,11.65,11.65,11.65,11.65,0
2021-02-26,11.65,11.65,11.65,11.65,0
2021-03-01,11.75,11.75,11.75,11.75,400
2021-03-02,11.75,11.75,11.75,11.75,0
2021-03-03,11.75,11.75,11.75,11.75,0
2021-03-04,11.75,11.75,11.75,11.75,0
2021-03-05,11.75,11.75,11.75,11.75,0
2021-03-08,11.75,11.75,11.75,11.75,0
2021-03-09,11.75,11.75,11.75,11.75,0
2021-03-10,13.51,13.51,13.51,13.51,1000
2021-03-11,15.47,15.47,15.47,15.47,1300
2021-03-12,17.72,17.72,17.72,17.72,100
2021-03-15,17.72,17.72,17.72,17.72,0
2021-03-16,17.72,17.72,17.72,17.72,0
2021-03-17,17.72,17.72,17.72,17.72,0
2021-03-18,17.72,17.72,17.72,17.72,0
2021-03-19,17.72,17.72,17.72,17.72,0
2021-03-22,17.72,17.72,17.72,17.72,0
2021-03-23,16.64,17.72,16.64,17.72,500
2021-03-24,17.03,17.72,17.72,17.72,0
2021-03-25,17.03,17.72,17.72,17.72,0
2021-03-26,17.03,17.72,17.72,17.72,0
2021-03-29,17.03,17.72,17.72,17.72,0
2021-03-30,17.03,17.72,17.72,17.72,0
2021-03-31,17.03,17.72,17.72,17.72,0
2021-04-01,17.03,17.72,17.72,17.72,0
2021-04-02,17.03,17.72,17.72,17.72,0
2021-04-05,17.03,17.72,17.72,17.72,0
2021-04-06,17.03,17.72,17.72,17.72,0
2021-04-07,17.03,17.72,17.72,17.72,0
2021-04-08,17.03,17.72,17.72,17.72,0
2021-04-09,17.03,17.72,17.72,17.72,0
2021-04-12,17.03,17.72,17.72,17.72,0
2021-04-13,17.03,17.72,17.72,17.72,0
2021-04-14,17.03,17.72,17.72,17.72,0
2021-04-15,17.03,17.72,17.72,17.72,0
2021-04-16,17.03,17.72,17.72,17.72,0
2021-04-19,17.03,17.72,17.72,17.72,0
2021-04-20,17.03,17.72,17.72,17.72,0
2021-04-22,17.03,17.72,17.72,17.72,0
2021-04-23,17.03,17.72,17.72,17.72,0
2021-04-26,17.03,17.72,17.72,17.72,0
2021-04-27,17.03,17.72,17.72,17.72,0
2021-04-28,17.03,17.72,17.72,17.72,0
2021-04-29,17.03,17.72,17.72,17.72,0
2021-05-04,17.03,17.72,17.72,17.72,0
2021-05-05,17.03,17.72,17.72,17.72,0
2021-05-06,17.03,17.72,17.72,17.72,0
2021-05-07,17.03,17.72,17.72,17.72,0
2021-05-10,23.69,23.69,23.69,23.69,100
2021-05-11,23.69,23.69,23.69,23.69,0
2021-05-12,23.69,23.69,23.69,23.69,0
2021-05-13,23.69,23.69,23.69,23.69,0
2021-05-14,23.69,23.69,23.69,23.69,0
2021-05-17,23.69,23.69,23.69,23.69,0
2021-05-18,23.69,23.69,23.69,23.69,0
2021-05-19,23.69,23.69,23.69,23.69,0
2021-05-20,23.69,23.69,23.69,23.69,1100
2021-05-21,23.69,23.69,23.69,23.69,2300
2021-05-24,23.69,23.69,23.69,23.69,1500
2021-05-25,23.69,23.69,23.69,23.69,1100
2021-05-26,23.69,23.98,23.69,23.98,1810
2021-05-27,23.69,23.69,23.69,23.69,4700
2021-05-28,23.69,23.69,23.69,23.69,0
2021-05-31,20.56,20.56,20.56,20.56,200
2021-06-01,20.56,20.56,20.56,20.56,0
2021-06-02,20.56,20.56,20.56,20.56,0
2021-06-03,20.56,20.56,20.56,20.56,0
2021-06-04,20.56,20.56,20.56,20.56,0
2021-06-07,20.56,20.56,20.56,20.56,0
2021-06-08,20.56,20.56,20.56,20.56,200
2021-06-09,20.56,20.56,20.56,20.56,10
2021-06-10,20.56,20.56,20.56,20.56,0
2021-06-11,20.56,20.56,20.56,20.56,339
2021-06-14,20.56,20.56,20.56,20.56,500
2021-06-15,20.56,20.56,20.56,20.56,0
2021-06-16,20.56,20.56,20.56,20.56,0
2021-06-17,20.56,20.56,20.56,20.56,0
2021-06-18,20.56,20.56,20.56,20.56,0
2021-06-21,20.56,20.56,19.58,19.58,600
2021-06-22,19.87,19.58,19.58,19.58,0
2021-06-23,19.58,19.87,18.6,18.6,5100
2021-06-24,19.58,22.12,19.58,19.58,2700
2021-06-25,20.17,19.58,19.58,19.58,0
2021-06-28,17.62,17.62,17.62,17.62,1000
2021-06-29,20.17,20.17,20.17,20.17,100
2021-06-30,20.17,20.17,20.17,20.17,0
2021-07-01,20.17,20.17,20.17,20.17,0
2021-07-02,20.17,20.17,20.17,20.17,0
2021-07-05,20.17,20.17,20.17,20.17,0
2021-07-06,23.1,23.1,17.82,17.82,1100
2021-07-07,21.05,21.05,21.05,21.05,100
2021-07-08,24.18,24.18,24.18,24.18,100
2021-07-09,24.18,24.18,24.18,24.18,0
2021-07-12,24.18,24.18,24.18,24.18,0
2021-07-13,27.8,27.8,27.8,27.8,100
2021-07-14,27.8,27.8,27.8,27.8,0
2021-07-15,31.81,31.81,23.69,23.69,600
2021-07-16,25.06,23.69,23.69,23.69,0
2021-07-19,25.06,23.69,23.69,23.69,0
2021-07-20,25.06,23.69,23.69,23.69,0
2021-07-21,25.06,23.69,23.69,23.69,0
2021-07-22,28.68,28.68,21.34,21.34,300
2021-07-23,23.79,21.34,21.34,21.34,0
2021-07-26,23.79,21.34,21.34,21.34,0
2021-07-27,23.79,21.34,21.34,21.34,0
2021-07-28,23.79,21.34,21.34,21.34,0
2021-07-29,23.79,21.34,21.34,21.34,0
2021-07-30,23.79,21.34,21.34,21.34,0
2021-08-02,23.79,23.79,23.79,23.79,0
2021-08-03,23.79,21.34,21.34,21.34,0
2021-08-04,23.79,21.34,21.34,21.34,0
2021-08-05,23.79,21.34,21.34,21.34,0
2021-08-06,23.79,21.34,21.34,21.34,0
2021-08-09,23.79,21.34,21.34,21.34,0
2021-08-10,23.89,23.89,23.89,23.89,1000
2021-08-11,21.54,21.54,20.36,20.36,3300
2021-08-12,17.72,17.82,17.72,17.82,2500
2021-08-13,17.72,17.82,17.82,17.82,0
2021-08-16,17.72,17.82,17.82,17.82,0
2021-08-17,15.08,19.28,15.08,19.28,300
2021-08-18,17.91,19.28,19.28,19.28,0
2021-08-19,17.91,19.28,19.28,19.28,0
2021-08-20,15.27,18.5,15.27,15.27,3900
2021-08-23,17.72,17.72,17.72,17.72,100
2021-08-24,17.72,17.72,17.72,17.72,0
2021-08-25,17.52,17.52,17.52,17.52,100
2021-08-26,17.52,17.52,17.52,17.52,0
2021-08-27,17.52,17.52,17.52,17.52,0
2021-08-30,17.52,17.52,17.52,17.52,0
2021-08-31,16.25,16.54,16.25,16.54,300
2021-09-01,16.35,16.35,16.35,16.35,0
2021-09-06,16.35,16.54,16.54,16.54,0
2021-09-07,16.35,16.35,16.35,16.35,300
2021-09-08,16.35,16.35,16.35,16.35,0
2021-09-09,16.35,16.35,16.35,16.35,0
2021-09-10,16.35,16.35,16.35,16.35,0
2021-09-13,17.13,18.79,17.13,18.79,1900
2021-09-14,18.11,18.11,18.11,18.11,1100
2021-09-15,17.62,17.62,17.62,17.62,500
2021-09-16,16.64,16.64,16.64,16.64,500
2021-09-17,16.64,16.64,16.64,16.64,800
2021-09-20,16.64,16.64,16.64,16.64,0
2021-09-21,16.64,16.64,16.64,16.64,0
2021-09-22,16.64,16.64,16.64,16.64,0
2021-09-23,16.64,16.64,16.64,16.64,200
2021-09-24,16.64,16.64,16.64,16.64,0
2021-09-27,16.64,16.64,16.64,16.64,0
2021-09-28,16.64,16.64,16.64,16.64,0
2021-09-29,16.64,16.64,16.64,16.64,0
2021-09-30,16.64,16.64,16.64,16.64,0
2021-10-01,16.64,16.64,16.64,16.64,0
2021-10-04,16.64,16.64,16.64,16.64,0
2021-10-05,16.64,16.64,16.64,16.64,0
2021-10-06,16.64,16.64,16.64,16.64,0
2021-10-07,16.64,16.64,16.64,16.64,0
2021-10-08,19.09,19.09,18.99,19.09,1100
2021-10-11,19.09,19.09,19.09,19.09,0
2021-10-12,21.44,21.44,21.44,21.44,100
2021-10-13,19.58,19.58,19.58,19.58,100
2021-10-14,19.58,19.58,19.58,19.58,0
2021-10-15,19.58,19.58,19.58,19.58,300
2021-10-18,19.58,19.58,19.58,19.58,0
2021-10-19,19.58,19.58,19.58,19.58,0
2021-10-20,19.58,19.58,19.58,19.58,0
2021-10-21,19.58,19.58,19.58,19.58,0
2021-10-22,19.58,19.58,19.58,19.58,0
2021-10-25,19.58,19.58,19.58,19.58,0
2021-10-26,19.58,19.58,19.09,19.09,900
2021-10-27,19.28,19.28,19.28,19.28,0
2021-10-28,19.28,19.28,19.28,19.28,0
2021-10-29,19.28,19.28,19.28,19.28,0
2021-11-01,19.09,19.09,19.09,19.09,500
2021-11-02,19.09,19.09,19.09,19.09,0
2021-11-03,19.09,19.09,19.09,19.09,0
2021-11-04,19.09,19.09,19.09,19.09,0
2021-11-05,19.09,19.09,19.09,19.09,0
2021-11-08,19.09,19.09,19.09,19.09,0
2021-11-09,20.56,20.56,20.56,20.56,1200
2021-11-10,20.56,20.56,20.56,20.56,0
2021-11-11,20.56,20.56,20.17,20.17,1600
2021-11-12,20.26,20.26,20.26,20.26,0
2021-11-15,20.26,20.26,20.26,20.26,0
2021-11-16,19.58,19.58,19.58,19.58,100
2021-11-17,19.58,19.58,19.58,19.58,0
2021-11-18,19.58,19.58,19.58,19.58,1200
2021-11-19,19.58,19.58,19.58,19.58,0
2021-11-22,19.58,19.58,19.58,19.58,0
2021-11-23,19.58,19.58,19.58,19.58,0
2021-11-24,19.58,19.58,19.58,19.58,0
2021-11-25,19.58,19.58,19.58,19.58,0
2021-11-26,19.58,19.58,19.58,19.58,0
2021-11-29,19.58,19.58,19.58,19.58,200
2021-11-30,19.58,19.58,19.58,19.58,0
2021-12-01,19.58,19.58,19.58,19.58,0
2021-12-02,19.58,19.58,19.58,19.58,0
2021-12-03,19.58,19.58,19.58,19.58,0
2021-12-06,19.58,19.58,19.58,19.58,0
2021-12-07,19.58,19.58,19.58,19.58,0
2021-12-08,19.58,19.58,19.58,19.58,0
2021-12-09,19.58,19.58,19.58,19.58,0
2021-12-10,20.56,20.56,20.56,20.56,200
2021-12-13,20.56,20.56,20.56,20.56,0
2021-12-14,20.56,20.56,20.56,20.56,0
2021-12-15,20.56,20.56,20.56,20.56,0
2021-12-16,20.56,20.56,20.56,20.56,0
2021-12-17,20.56,20.56,20.56,20.56,0
2021-12-20,20.56,20.56,20.56,20.56,0
2021-12-21,20.56,20.56,20.56,20.56,0
2021-12-22,20.56,20.56,20.56,20.56,0
2021-12-23,20.56,20.56,20.56,20.56,0
2021-12-24,20.56,20.56,20.56,20.56,0
2021-12-27,23.59,23.59,20.56,20.56,200
2021-12-28,21.54,21.54,21.54,21.54,100
2021-12-29,21.54,21.54,21.54,21.54,0
2021-12-30,21.54,21.54,21.54,21.54,0
2021-12-31,21.54,21.54,21.54,21.54,0
2022-01-04,21.54,21.54,21.54,21.54,0
2022-01-05,21.54,21.54,21.54,21.54,0
2022-01-06,21.54,21.54,21.54,21.54,0
2022-01-07,21.54,21.54,21.54,21.54,0
2022-01-10,20.56,20.56,19.58,19.58,2900
2022-01-11,19.77,19.77,19.77,19.77,0
2022-01-12,19.77,19.77,19.77,19.77,0
2022-01-13,19.77,19.77,19.77,19.77,0
2022-01-14,19.77,19.77,19.77,19.77,0
2022-01-17,19.77,19.77,19.77,19.77,0
2022-01-18,19.77,19.77,19.77,19.77,0
2022-01-19,19.77,19.77,19.77,19.77,0
2022-01-20,19.77,19.77,19.77,19.77,0
2022-01-21,19.77,19.77,19.77,19.77,0
2022-01-24,19.77,19.77,19.77,19.77,0
2022-01-25,19.77,19.77,19.77,19.77,0
2022-01-26,19.77,19.77,19.77,19.77,0
2022-01-27,19.77,19.77,19.77,19.77,0
2022-01-28,19.77,19.77,19.77,19.77,0
2022-02-07,19.77,19.77,19.77,19.77,0
2022-02-08,19.77,19.77,19.77,19.77,0
2022-02-09,19.77,19.77,19.77,19.77,0
2022-02-10,19.77,19.77,19.77,19.77,0
2022-02-11,19.77,19.77,19.77,19.77,0
2022-02-14,19.77,19.77,19.77,19.77,0
2022-02-15,19.77,19.77,19.77,19.77,0
2022-02-16,19.58,19.58,19.58,19.58,100
2022-02-17,19.58,19.58,19.58,19.58,200
2022-02-18,19.58,19.58,19.58,19.58,0
2022-02-21,19.58,19.58,19.58,19.58,0
2022-02-22,19.58,19.58,19.58,19.58,0
2022-02-23,19.58,19.58,19.58,19.58,0
2022-02-24,19.58,19.58,19.58,19.58,0
2022-02-25,19.58,19.58,19.58,19.58,0
2022-02-28,19.58,19.58,19.58,19.58,0
2022-03-01,19.58,19.58,19.58,19.58,0
2022-03-02,19.58,19.58,19.58,19.58,0
2022-03-03,19.58,19.58,19.58,19.58,0
2022-03-04,19.58,19.58,19.58,19.58,0
2022-03-07,19.58,19.58,19.58,19.58,39
2022-03-08,19.58,19.58,19.58,19.58,0
2022-03-09,19.58,19.58,19.58,19.58,0
2022-03-10,19.58,19.58,19.58,19.58,39
2022-03-11,21.44,21.44,21.44,21.44,100
2022-03-14,18.31,19.58,18.31,19.58,1100
2022-03-15,18.4,18.4,18.4,18.4,300
2022-03-16,18.4,18.4,18.4,18.4,0
2022-03-17,18.4,18.4,18.4,18.4,100
2022-03-18,21.14,21.14,18.4,18.4,600
2022-03-21,18.89,18.89,18.89,18.89,0
2022-03-22,18.89,18.89,18.89,18.89,0
2022-03-23,18.89,18.89,18.89,18.89,0
2022-03-24,16.15,16.15,16.15,16.15,10800
2022-03-25,16.15,16.15,16.15,16.15,0
2022-03-28,16.15,16.15,16.15,16.15,0
2022-03-29,18.5,18.5,14.68,16.15,5200
2022-03-30,14.88,14.88,14.88,14.88,0
2022-03-31,14.88,14.88,14.88,14.88,0
2022-04-01,14.88,14.88,14.88,14.88,0
2022-04-04,14.88,14.88,14.88,14.88,0
2022-04-05,14.88,14.88,14.88,14.88,100
2022-04-06,17.03,17.03,17.03,17.03,3900
2022-04-07,17.03,17.03,17.03,17.03,0
2022-04-08,17.03,17.03,17.03,17.03,0
2022-04-12,17.03,17.03,17.03,17.03,0
2022-04-13,19.58,19.58,19.58,19.58,100
2022-04-14,16.64,16.64,16.64,16.64,200
2022-04-15,14.19,14.29,14.19,14.29,200
2022-04-18,14.29,14.29,14.29,14.29,0
2022-04-19,13.7,13.7,13.7,13.7,3500
2022-04-20,13.7,13.7,13.7,13.7,0
2022-04-21,13.7,13.7,13.7,13.7,0
2022-04-22,13.7,13.7,13.7,13.7,0
2022-04-25,13.7,13.7,13.7,13.7,0
2022-04-26,13.7,13.7,13.7,13.7,0
2022-04-27,13.7,13.7,13.7,13.7,0
2022-04-28,13.7,13.7,13.7,13.7,0
2022-04-29,13.7,13.7,13.7,13.7,0
2022-05-04,13.7,13.7,13.7,13.7,0
2022-05-05,13.7,13.7,13.7,13.7,500
2022-05-06,13.7,13.7,13.7,13.7,0
2022-05-09,12.73,12.73,12.73,12.73,3100
2022-05-10,12.73,12.73,12.73,12.73,0
2022-05-11,12.73,12.73,12.73,12.73,0
2022-05-12,12.73,12.73,12.73,12.73,0
2022-05-13,12.73,12.73,12.73,12.73,0
2022-05-16,12.73,12.73,12.73,12.73,0
2022-05-17,12.73,12.73,12.73,12.73,0
2022-05-18,10.87,10.87,10.87,10.87,100
2022-05-19,12.43,12.43,12.43,12.43,2600
2022-05-20,12.43,12.43,12.43,12.43,0
2022-05-23,12.24,12.24,12.24,12.24,100
2022-05-24,12.24,12.24,12.24,12.24,0
2022-05-25,12.24,12.24,12.24,12.24,0
2022-05-26,14.0,14.0,14.0,14.0,100
2022-05-27,14.0,14.0,14.0,14.0,0
2022-05-30,14.0,14.0,14.0,14.0,0
2022-05-31,14.0,14.0,14.0,14.0,0
2022-06-01,14.0,14.0,14.0,14.0,0
2022-06-02,14.0,14.0,14.0,14.0,0
2022-06-03,14.0,14.0,14.0,14.0,0
2022-06-06,14.0,14.0,14.0,14.0,0
2022-06-07,14.19,16.05,14.19,16.05,200
2022-06-08,15.17,15.17,15.17,15.17,0
2022-06-09,15.17,15.17,15.17,15.17,0
2022-06-10,15.17,15.17,15.17,15.17,0
2022-06-13,15.17,15.17,15.17,15.17,0
2022-06-14,15.17,15.17,15.17,15.17,0
2022-06-15,15.17,15.17,15.17,15.17,0
2022-06-16,15.17,15.17,15.17,15.17,0
2022-06-17,14.39,14.39,14.39,14.39,200
2022-06-20,14.39,14.39,14.39,14.39,0
2022-06-21,16.54,16.54,16.54,16.54,200
2022-06-22,16.54,16.54,16.54,16.54,0
2022-06-23,16.54,16.54,16.54,16.54,0
2022-06-24,16.54,16.54,16.54,16.54,0
2022-06-27,16.54,16.54,16.54,16.54,0
2022-06-28,16.54,16.54,16.54,16.54,0
2022-06-29,16.54,16.54,16.54,16.54,0
2022-06-30,16.54,16.54,16.54,16.54,0
2022-07-01,16.54,16.54,16.54,16.54,0
2022-07-04,16.54,16.54,16.54,16.54,0
2022-07-05,16.54,16.54,16.54,16.54,0
2022-07-06,16.54,16.54,16.54,16.54,0
2022-07-07,16.54,16.54,16.54,16.54,0
2022-07-08,16.54,16.54,16.54,16.54,0
2022-07-11,16.54,16.54,16.54,16.54,0
2022-07-12,16.54,16.54,16.54,16.54,0
2022-07-13,16.54,16.54,16.54,16.54,0
2022-07-14,16.54,16.54,16.54,16.54,0
2022-07-15,16.54,16.54,16.54,16.54,0
2022-07-18,16.54,16.54,16.54,16.54,0
2022-07-19,16.54,16.54,16.54,16.54,0
2022-07-20,18.99,18.99,18.99,18.99,100
2022-07-21,18.99,18.99,18.99,18.99,0
2022-07-22,18.99,18.99,18.99,18.99,0
2022-07-25,18.99,18.99,18.99,18.99,0
2022-07-26,18.99,18.99,18.99,18.99,0
2022-07-27,18.99,18.99,18.99,18.99,0
2022-07-28,18.99,18.99,18.99,18.99,0
2022-07-29,18.99,18.99,18.99,18.99,0
2022-08-01,18.99,18.99,18.99,18.99,0
2022-08-02,18.99,18.99,18.99,18.99,0
2022-08-03,18.99,18.99,18.99,18.99,0
2022-08-04,18.99,18.99,18.99,18.99,0
2022-08-05,18.99,18.99,18.99,18.99,0
2022-08-08,18.99,18.99,18.99,18.99,0
2022-08-09,18.99,18.99,18.99,18.99,0
2022-08-10,18.99,18.99,18.99,18.99,0
2022-08-11,18.99,18.99,18.99,18.99,0
2022-08-12,18.99,18.99,18.99,18.99,0
2022-08-15,18.99,18.99,18.99,18.99,0
2022-08-16,18.99,18.99,18.99,18.99,0
2022-08-17,18.99,18.99,18.99,18.99,0
2022-08-18,18.99,18.99,18.99,18.99,0
2022-08-19,18.99,18.99,18.99,18.99,0
2022-08-22,18.99,18.99,18.99,18.99,0
2022-08-23,18.99,18.99,18.99,18.99,0
2022-08-24,18.99,18.99,18.99,18.99,0
2022-08-25,16.15,16.64,16.15,16.15,9000
2022-08-26,16.45,16.45,16.45,16.45,0
2022-08-29,16.45,16.45,16.45,16.45,5000
2022-08-30,16.45,16.45,16.45,16.45,0
2022-08-31,16.45,16.45,16.45,16.45,0
2022-09-05,16.45,16.45,16.45,16.45,0
2022-09-06,16.45,16.45,16.45,16.45,0
2022-09-07,16.45,16.45,16.45,16.45,0
2022-09-08,16.45,16.45,16.45,16.45,0
2022-09-09,15.66,15.66,15.66,15.66,8200
2022-09-12,15.66,15.66,15.66,15.66,32000
2022-09-13,15.66,15.66,15.66,15.66,8200
2022-09-14,15.66,15.66,15.66,15.66,5000
2022-09-15,15.76,15.76,15.76,15.76,7000
2022-09-16,15.76,15.96,15.76,15.96,18200
2022-09-19,13.51,16.05,13.51,15.76,16600
2022-09-20,15.96,16.15,15.96,16.15,10200
2022-09-21,13.7,16.15,13.7,16.15,200
2022-09-22,12.82,12.82,12.82,12.82,500
2022-09-23,12.82,12.82,12.82,12.82,0
2022-09-26,12.82,12.82,12.82,12.82,0
2022-09-27,10.96,14.68,10.96,14.68,200
2022-09-28,10.96,14.68,10.96,14.68,400
2022-09-29,13.7,13.7,13.7,13.7,500
2022-09-30,15.66,15.76,15.66,15.76,2800
2022-10-03,18.11,18.11,18.11,18.11,1000
2022-10-04,15.66,15.66,15.66,15.66,1000
2022-10-05,15.66,15.66,15.66,15.66,0
2022-10-06,15.66,15.66,15.66,15.66,0
2022-10-07,15.66,15.66,15.66,15.66,3000
2022-10-10,15.66,15.66,15.66,15.66,0
2022-10-11,15.66,15.66,15.66,15.66,100
2022-10-12,15.66,15.66,15.66,15.66,0
2022-10-13,15.66,15.66,15.66,15.66,0
2022-10-14,15.66,15.66,15.66,15.66,0
2022-10-17,15.66,15.66,15.66,15.66,0
2022-10-18,15.66,15.66,15.66,15.66,0
2022-10-19,15.66,15.66,15.66,15.66,0
2022-10-20,15.66,15.66,15.66,15.66,0
2022-10-21,15.66,15.66,15.66,15.66,0
2022-10-24,15.66,15.66,15.66,15.66,0
2022-10-25,15.66,15.66,15.66,15.66,0
2022-10-26,15.66,15.66,15.66,15.66,0
2022-10-27,15.66,15.66,15.66,15.66,0
2022-10-28,15.66,15.66,15.66,15.66,0
2022-10-31,15.66,15.66,15.66,15.66,0
2022-11-01,15.66,15.66,15.66,15.66,0
2022-11-02,15.66,15.66,15.66,15.66,0
2022-11-03,15.66,15.66,15.66,15.66,0
2022-11-04,15.66,15.66,15.66,15.66,0
2022-11-07,15.66,15.66,15.66,15.66,0
2022-11-08,15.66,15.66,15.66,15.66,0
2022-11-09,15.66,15.66,15.66,15.66,0
2022-11-10,15.66,15.66,15.66,15.66,0
2022-11-11,15.66,15.66,15.66,15.66,0
2022-11-14,15.66,15.66,15.66,15.66,0
2022-11-15,17.91,17.91,17.91,17.91,100
2022-11-16,17.91,17.91,17.91,17.91,0
2022-11-17,17.91,17.91,17.91,17.91,0
2022-11-18,17.91,17.91,17.91,17.91,0
2022-11-21,17.91,17.91,17.91,17.91,0
2022-11-22,17.91,17.91,17.91,17.91,0
2022-11-23,17.91,17.91,17.91,17.91,0
2022-11-24,17.91,17.91,17.91,17.91,0
2022-11-25,17.91,17.91,17.91,17.91,0
2022-11-28,17.91,17.91,17.91,17.91,0
2022-11-29,17.91,17.91,17.91,17.91,0
2022-11-30,17.91,17.91,17.91,17.91,0
2022-12-01,17.91,17.91,17.91,17.91,0
2022-12-02,17.91,17.91,17.91,17.91,0
2022-12-05,17.91,17.91,17.91,17.91,0
2022-12-06,17.91,17.91,17.91,17.91,0
2022-12-07,17.91,17.91,17.91,17.91,0
2022-12-08,17.91,17.91,17.91,17.91,0
2022-12-09,17.91,17.91,17.91,17.91,0
2022-12-12,17.91,17.91,17.91,17.91,0
2022-12-13,17.91,17.91,17.91,17.91,0
2022-12-14,17.91,17.91,17.91,17.91,0
2022-12-15,17.91,17.91,17.91,17.91,0
2022-12-16,17.91,17.91,17.91,17.91,0
2022-12-19,17.91,17.91,17.91,17.91,0
2022-12-20,19.97,19.97,19.97,19.97,100
2022-12-21,20.85,20.85,20.85,20.85,100
2022-12-22,20.85,20.85,20.85,20.85,0
2022-12-23,20.85,20.85,20.85,20.85,0
2022-12-26,20.85,20.85,20.85,20.85,0
2022-12-27,20.85,20.85,20.85,20.85,0
2022-12-28,20.85,20.85,20.85,20.85,0
2022-12-29,23.79,23.79,23.79,23.79,200
2022-12-30,23.79,23.79,23.79,23.79,0
2023-01-03,27.21,27.21,27.21,27.21,100
2023-01-04,27.21,27.21,27.21,27.21,0
2023-01-05,27.21,27.21,27.21,27.21,0
2023-01-06,27.21,27.21,27.21,27.21,0
2023-01-09,27.21,27.21,27.21,27.21,0
2023-01-10,27.21,27.21,27.21,27.21,0
2023-01-11,27.21,27.21,27.21,27.21,0
2023-01-12,27.21,27.21,27.21,27.21,0
2023-01-13,27.21,27.21,27.21,27.21,0
2023-01-16,30.25,30.25,30.25,30.25,100
2023-01-17,30.25,30.25,30.25,30.25,0
2023-01-18,30.25,30.25,30.25,30.25,0
2023-01-19,30.25,30.25,30.25,30.25,0
2023-01-27,30.25,30.25,30.25,30.25,0
2023-01-30,30.25,30.25,30.25,30.25,0
2023-01-31,30.25,30.25,30.25,30.25,0
2023-02-01,30.25,30.25,30.25,30.25,0
2023-02-02,30.25,30.25,30.25,30.25,0
2023-02-03,30.25,30.25,30.25,30.25,0
2023-02-06,30.25,30.25,30.25,30.25,0
2023-02-07,30.25,30.25,30.25,30.25,0
2023-02-08,30.25,30.25,30.25,30.25,0
2023-02-09,30.25,30.25,30.25,30.25,0
2023-02-10,25.75,25.75,25.75,25.75,200
2023-02-13,21.93,21.93,21.93,21.93,500
2023-02-14,21.93,21.93,21.93,21.93,0
2023-02-15,21.93,21.93,21.93,21.93,0
2023-02-16,21.93,21.93,21.93,21.93,0
2023-02-17,21.93,21.93,21.93,21.93,0
2023-02-20,21.93,21.93,21.93,21.93,0
2023-02-21,21.93,21.93,21.93,21.93,0
2023-02-22,21.93,21.93,21.93,21.93,0
2023-02-23,21.93,21.93,21.93,21.93,0
2023-02-24,21.93,21.93,21.93,21.93,0
2023-02-27,21.93,21.93,21.93,21.93,0
2023-02-28,21.93,21.93,21.93,21.93,0
2023-03-01,21.93,21.93,21.93,21.93,0
2023-03-02,21.93,21.93,21.93,21.93,0
2023-03-03,21.93,21.93,21.93,21.93,0
2023-03-06,21.93,21.93,21.93,21.93,0
2023-03-07,21.93,21.93,21.93,21.93,0
2023-03-08,21.93,21.93,21.93,21.93,0
2023-03-09,21.93,21.93,21.93,21.93,0
2023-03-10,21.93,21.93,21.93,21.93,0
2023-03-13,21.93,21.93,21.93,21.93,0
2023-03-14,21.93,21.93,21.93,21.93,0
2023-03-15,21.93,21.93,21.93,21.93,0
2023-03-16,21.93,21.93,21.93,21.93,0
2023-03-17,21.93,21.93,21.93,21.93,0
2023-03-20,21.93,21.93,21.93,21.93,0
2023-03-21,21.93,21.93,21.93,21.93,0
2023-03-22,21.93,21.93,21.93,21.93,0
2023-03-23,21.93,21.93,21.93,21.93,0
2023-03-24,21.93,21.93,21.93,21.93,0
2023-03-27,21.93,21.93,21.93,21.93,0
2023-03-28,21.93,21.93,21.93,21.93,0
2023-03-29,21.93,21.93,21.93,21.93,0
2023-03-30,21.93,21.93,21.93,21.93,0
2023-03-31,21.93,21.93,21.93,21.93,0
2023-04-03,21.93,21.93,21.93,21.93,0
2023-04-04,21.93,21.93,21.93,21.93,0
2023-04-05,21.93,21.93,21.93,21.93,0
2023-04-06,21.93,21.93,21.93,21.93,0
2023-04-07,21.54,21.54,19.58,19.58,500
2023-04-10,20.36,20.36,20.36,20.36,0
2023-04-11,20.36,20.36,20.36,20.36,0
2023-04-12,20.36,20.36,20.36,20.36,0
2023-04-13,20.36,20.36,20.36,20.36,0
2023-04-14,20.36,20.36,20.36,20.36,0
2023-04-17,20.36,20.36,20.36,20.36,0
2023-04-18,20.36,20.36,20.36,20.36,0
2023-04-19,20.36,20.36,20.36,20.36,0
2023-04-20,20.36,20.36,20.36,20.36,0
2023-04-21,20.36,20.36,20.36,20.36,0
2023-04-24,19.58,19.58,19.58,19.58,100
2023-04-25,19.58,19.58,19.58,19.58,0
2023-04-26,18.6,18.6,18.6,18.6,300
2023-04-27,18.6,18.6,18.6,18.6,0
2023-04-28,18.6,18.6,17.62,17.62,600
2023-05-04,17.82,17.82,17.82,17.82,0
2023-05-05,17.82,17.82,17.82,17.82,0
2023-05-08,17.82,17.82,17.82,17.82,0
2023-05-09,17.82,17.82,17.82,17.82,0
2023-05-10,17.82,17.82,17.82,17.82,0
2023-05-11,17.82,17.82,17.82,17.82,0
2023-05-12,17.82,17.82,17.82,17.82,0
2023-05-15,16.64,16.64,16.64,16.64,500
2023-05-16,16.64,16.64,16.64,16.64,0
2023-05-17,16.64,16.64,16.64,16.64,0
2023-05-18,16.64,16.64,16.64,16.64,0
2023-05-19,16.64,16.64,16.64,16.64,0
2023-05-22,16.64,16.64,16.64,16.64,0
2023-05-23,16.64,16.64,16.64,16.64,0
2023-05-24,16.64,16.64,16.64,16.64,0
2023-05-25,16.64,16.64,16.64,16.64,0
2023-05-26,16.64,16.64,16.64,16.64,0
2023-05-29,16.64,16.64,16.64,16.64,0
2023-05-30,16.64,16.64,16.64,16.64,0
2023-05-31,16.64,16.64,16.64,16.64,700
2023-06-01,16.64,16.64,16.64,16.64,100
2023-06-02,16.64,16.64,16.64,16.64,0
2023-06-05,16.64,16.64,16.64,16.64,0
2023-06-06,16.64,16.64,16.64,16.64,0
2023-06-07,19.09,19.09,19.09,19.09,100
2023-06-08,18.6,18.6,18.6,18.6,200
2023-06-09,18.6,18.6,18.6,18.6,0
2023-06-12,18.6,18.6,18.6,18.6,0
2023-06-13,21.34,21.34,16.64,16.64,600
2023-06-14,17.42,17.42,17.42,17.42,0
2023-06-15,17.42,17.42,17.42,17.42,0
2023-06-16,17.42,17.42,17.42,17.42,100
2023-06-19,17.42,17.42,17.42,17.42,0
2023-06-20,16.35,16.35,16.35,16.35,1000
2023-06-21,18.6,18.6,18.6,18.6,100
2023-06-22,18.6,18.6,18.6,18.6,0
2023-06-23,18.6,18.6,18.6,18.6,0
2023-06-26,18.6,18.6,18.6,18.6,0
2023-06-27,18.6,18.6,18.6,18.6,0
2023-06-28,18.6,18.6,18.6,18.6,0
2023-06-29,18.6,18.6,18.6,18.6,0
2023-06-30,18.6,18.6,18.6,18.6,0
2023-07-03,18.6,18.6,18.6,18.6,0
2023-07-04,18.79,18.89,18.79,18.89,1800
2023-07-05,18.89,18.89,18.89,18.89,0
2023-07-06,18.89,18.89,18.89,18.89,100
2023-07-07,18.89,18.89,18.89,18.89,0
2023-07-10,18.89,18.89,18.89,18.89,0
2023-07-11,18.89,18.89,18.89,18.89,0
2023-07-12,21.63,21.63,21.63,21.63,500
2023-07-13,21.63,21.63,21.63,21.63,0
2023-07-14,21.63,21.63,21.63,21.63,0
2023-07-17,21.63,21.63,21.63,21.63,0
2023-07-18,21.63,21.63,21.63,21.63,0
2023-07-19,21.63,21.63,21.63,21.63,0
2023-07-20,24.67,24.67,24.67,24.67,200
2023-07-21,24.67,24.67,24.67,24.67,0
2023-07-24,24.67,24.67,24.67,24.67,0
2023-07-25,24.67,24.67,24.67,24.67,0
2023-07-26,21.05,22.32,21.05,22.32,3600
2023-07-27,22.22,22.22,22.22,22.22,0
2023-07-28,22.22,22.22,22.22,22.22,0
2023-07-31,22.22,22.22,22.22,22.22,0
2023-08-01,22.22,22.22,22.22,22.22,0
2023-08-02,22.22,22.22,22.22,22.22,0
2023-08-03,22.22,22.22,22.22,22.22,0
2023-08-04,22.22,22.22,22.22,22.22,0
2023-08-07,22.22,22.22,22.22,22.22,0
2023-08-08,22.91,22.91,22.91,22.91,100
2023-08-09,22.91,22.91,22.91,22.91,0
2023-08-10,24.37,24.37,23.4,23.4,600
2023-08-11,23.59,23.59,23.59,23.59,0
2023-08-14,23.59,23.59,23.59,23.59,0
2023-08-15,23.59,23.59,23.59,23.59,0
2023-08-16,23.59,23.59,23.59,23.59,0
2023-08-17,23.59,23.59,23.59,23.59,0
2023-08-18,23.59,23.59,23.59,23.59,0
2023-08-21,23.59,23.59,23.59,23.59,0
2023-08-22,23.59,23.59,23.59,23.59,0
2023-08-23,23.59,23.59,23.59,23.59,0
2023-08-24,23.59,23.59,23.59,23.59,0
2023-08-25,23.59,23.59,23.59,23.59,0
2023-08-28,23.59,23.59,23.59,23.59,0
2023-08-29,23.59,23.59,23.59,23.59,0
2023-08-30,20.07,21.44,20.07,21.44,4700
2023-08-31,24.08,24.08,17.82,17.82,5100
2023-09-05,20.56,20.56,20.56,20.56,200
2023-09-06,23.59,23.59,23.59,23.59,100
2023-09-07,23.59,23.59,23.59,23.59,0
2023-09-08,23.59,23.59,23.59,23.59,0
2023-09-11,20.07,20.07,20.07,20.07,1000
2023-09-12,20.07,20.07,20.07,20.07,0
2023-09-13,20.07,20.07,20.07,20.07,0
2023-09-14,17.13,17.13,17.13,17.13,1200
2023-09-15,19.58,19.58,19.58,19.58,100
2023-09-18,20.56,20.56,20.56,20.56,200
2023-09-19,17.52,19.48,17.52,18.99,2800
2023-09-20,18.79,18.79,18.79,18.79,0
2023-09-21,18.79,18.79,18.79,18.79,0
2023-09-22,18.79,18.79,18.79,18.79,0
2023-09-25,18.79,18.79,18.79,18.79,0
2023-09-26,18.79,18.79,18.79,18.79,0
2023-09-27,21.54,21.54,21.54,21.54,100
2023-09-28,18.31,18.31,18.31,18.31,100
2023-09-29,18.31,18.31,18.31,18.31,0
2023-10-02,18.31,18.31,18.31,18.31,0
2023-10-03,20.85,20.85,20.85,20.85,100
2023-10-04,20.85,20.85,20.85,20.85,0
2023-10-05,20.85,20.85,20.85,20.85,0
2023-10-06,20.85,20.85,20.85,20.85,0
2023-10-09,20.85,20.85,20.85,20.85,0
2023-10-10,17.82,17.82,17.82,17.82,100
2023-10-11,19.48,19.48,19.48,19.48,100
2023-10-12,19.48,19.48,19.48,19.48,0
2023-10-13,21.63,21.63,20.95,20.95,700
2023-10-16,21.05,21.05,21.05,21.05,0
2023-10-17,21.05,21.05,21.05,21.05,0
2023-10-18,21.05,21.05,21.05,21.05,0
2023-10-19,21.05,21.05,21.05,21.05,0
2023-10-20,18.31,18.31,18.31,18.31,1100
2023-10-23,19.87,19.87,19.87,19.87,100
2023-10-24,19.87,19.87,19.87,19.87,0
2023-10-25,19.87,19.87,19.87,19.87,0
2023-10-26,18.31,18.31,18.31,18.31,200
2023-10-27,18.31,18.31,18.31,18.31,0
2023-10-30,18.31,18.31,18.31,18.31,0
2023-10-31,18.31,18.31,18.31,18.31,0
2023-11-01,18.31,18.31,18.31,18.31,0
2023-11-02,18.31,18.31,18.31,18.31,0
2023-11-03,18.31,18.31,18.31,18.31,0
2023-11-06,18.31,18.31,18.31,18.31,0
2023-11-07,18.31,18.31,18.31,18.31,0
2023-11-08,18.31,18.31,18.31,18.31,0
2023-11-09,18.31,18.31,18.31,18.31,0
2023-11-10,15.56,15.56,15.56,15.56,100
2023-11-13,17.62,17.62,17.62,17.62,100
2023-11-14,17.62,17.62,17.62,17.62,0
2023-11-15,15.27,18.21,15.27,18.21,500
2023-11-16,17.62,17.62,17.62,17.62,0
2023-11-17,18.6,18.6,18.6,18.6,100
2023-11-20,18.6,18.6,18.6,18.6,0
2023-11-21,16.15,16.15,16.15,16.15,500
2023-11-22,16.15,16.15,16.15,16.15,0
2023-11-23,16.15,16.15,16.15,16.15,0
2023-11-24,16.15,16.15,16.15,16.15,0
2023-11-27,16.15,16.15,16.15,16.15,0
2023-11-28,16.15,16.15,16.15,16.15,2500
2023-11-29,18.5,18.5,18.5,18.5,100
2023-11-30,18.5,18.5,18.5,18.5,0
2023-12-01,18.5,18.5,18.5,18.5,0
2023-12-04,18.5,18.5,18.5,18.5,0
2023-12-05,18.5,18.5,18.5,18.5,0
2023-12-06,18.5,18.5,18.5,18.5,0
2023-12-07,18.5,18.5,18.5,18.5,0
2023-12-08,21.14,21.14,21.14,21.14,600
2023-12-11,21.14,21.14,21.14,21.14,0
2023-12-12,21.14,21.14,21.14,21.14,0
2023-12-13,21.14,21.14,21.14,21.14,0
2023-12-14,18.01,18.01,18.01,18.01,200
2023-12-15,18.01,18.01,18.01,18.01,0
2023-12-18,18.01,18.01,18.01,18.01,0
2023-12-19,18.01,18.01,18.01,18.01,0
2023-12-20,18.01,18.01,18.01,18.01,0
2023-12-21,18.01,18.01,18.01,18.01,1700
2023-12-22,18.01,18.01,18.01,18.01,0
2023-12-25,15.47,15.47,15.47,15.47,200
2023-12-26,15.47,15.47,15.47,15.47,600
2023-12-27,15.47,15.47,15.47,15.47,0
2023-12-28,15.47,15.47,15.47,15.47,0
2023-12-29,16.64,17.62,16.64,17.62,300
2024-01-02,17.33,17.33,17.33,17.33,0
2024-01-03,17.33,17.33,17.33,17.33,0
2024-01-04,17.33,17.33,17.33,17.33,0
2024-01-05,17.33,17.33,17.33,17.33,0
2024-01-08,17.33,17.33,17.33,17.33,0
2024-01-09,17.33,17.33,17.33,17.33,0
2024-01-10,17.33,17.33,17.33,17.33,0
2024-01-11,17.33,17.33,17.33,17.33,0
2024-01-12,17.33,17.33,17.33,17.33,0
2024-01-15,17.33,17.33,17.33,17.33,0
2024-01-16,17.33,17.33,17.33,17.33,0
2024-01-17,17.33,17.33,17.33,17.33,0
2024-01-18,17.33,17.33,17.33,17.33,0
2024-01-19,17.33,17.33,17.33,17.33,0
2024-01-22,17.33,17.33,17.33,17.33,0
2024-01-23,17.33,17.33,17.33,17.33,0
2024-01-24,17.33,17.33,17.33,17.33,0
2024-01-25,17.33,17.33,17.33,17.33,0
2024-01-26,17.33,17.33,17.33,17.33,0
2024-01-29,17.33,17.33,17.33,17.33,0
2024-01-30,17.33,17.33,17.33,17.33,0
2024-01-31,17.33,17.33,17.33,17.33,0
2024-02-01,17.33,17.33,17.33,17.33,0
2024-02-02,17.33,17.33,17.33,17.33,0
2024-02-05,17.33,17.33,17.33,17.33,24
2024-02-06,17.33,17.33,17.33,17.33,0
2024-02-07,17.33,17.33,17.33,17.33,0
2024-02-15,17.33,17.33,17.33,17.33,0
2024-02-16,17.33,17.33,17.33,17.33,0
2024-02-19,23.4,23.4,23.4,23.4,100
2024-02-20,19.97,19.97,19.97,19.97,137
2024-02-21,19.97,19.97,19.97,19.97,5
2024-02-22,17.13,17.13,17.13,17.13,116
2024-02-23,17.13,17.13,17.13,17.13,18
2024-02-26,17.13,17.13,17.13,17.13,0
2024-02-27,17.13,17.13,17.13,17.13,29
2024-02-28,17.13,17.13,17.13,17.13,0
2024-02-29,17.13,17.13,17.13,17.13,22
2024-03-01,17.13,17.13,17.13,17.13,0
2024-03-04,17.13,17.13,17.13,17.13,16
2024-03-05,17.13,17.13,17.13,17.13,0
2024-03-06,17.13,17.13,17.13,17.13,13
2024-03-07,17.13,17.13,17.13,17.13,0
2024-03-08,17.13,17.13,17.13,17.13,9
2024-03-11,17.13,17.13,17.13,17.13,0
2024-03-12,17.13,17.13,17.13,17.13,6
2024-03-13,17.13,17.13,17.13,17.13,0
2024-03-14,17.13,17.13,17.13,17.13,7
2024-03-15,17.13,17.13,17.13,17.13,0
2024-03-18,17.13,17.13,17.13,17.13,3
2024-03-19,17.13,17.13,17.13,17.13,0
2024-03-20,17.13,17.13,17.13,17.13,0
2024-03-21,17.13,17.13,17.13,17.13,2
2024-03-22,17.13,17.13,17.13,17.13,0
2024-03-25,17.13,17.13,17.13,17.13,2
2024-03-26,17.13,17.13,17.13,17.13,0
2024-03-27,17.13,17.13,17.13,17.13,2
2024-03-28,17.13,17.13,14.68,14.68,200
2024-03-29,15.96,15.96,15.96,15.96,2
2024-04-01,15.96,15.96,15.96,15.96,0
2024-04-02,15.96,15.96,15.96,15.96,2
2024-04-03,15.96,15.96,15.96,15.96,3
2024-04-04,15.96,15.96,15.96,15.96,0
2024-04-05,15.96,15.96,15.96,15.96,0
2024-04-08,15.96,15.96,15.96,15.96,1
2024-04-09,15.96,15.96,15.96,15.96,0
2024-04-10,16.05,16.05,16.05,16.05,1500
2024-04-11,16.05,16.05,16.05,16.05,1
2024-04-12,16.15,16.15,16.15,16.15,400
2024-04-15,16.15,16.15,16.15,16.15,0
2024-04-16,16.15,16.15,16.15,16.15,0
2024-04-17,16.15,16.15,16.15,16.15,0
2024-04-19,16.15,16.15,16.15,16.15,0
2024-04-22,16.64,16.64,16.64,16.64,100
2024-04-23,16.64,16.64,16.64,16.64,2300
2024-04-24,16.64,16.64,16.64,16.64,0
2024-04-25,16.64,16.64,16.64,16.64,0
2024-04-26,16.64,16.64,16.64,16.64,0
2024-05-02,16.64,16.64,16.64,16.64,0
2024-05-03,18.89,18.89,18.79,18.79,2100
2024-05-06,18.79,18.79,18.79,18.79,0
2024-05-07,18.79,18.79,18.79,18.79,0
2024-05-08,18.79,18.79,18.79,18.79,0
2024-05-09,18.79,18.79,18.79,18.79,0
2024-05-10,18.79,18.79,18.79,18.79,200
2024-05-13,18.79,18.79,18.79,18.79,1
2024-05-14,18.79,18.79,18.79,18.79,0
2024-05-15,18.79,18.79,18.79,18.79,0
2024-05-16,18.79,18.79,18.79,18.79,0
2024-05-17,18.11,18.21,17.62,17.62,400
2024-05-20,18.01,18.01,18.01,18.01,0
2024-05-21,18.01,18.01,18.01,18.01,0
2024-05-22,18.01,18.01,18.01,18.01,20
2024-05-23,18.01,18.01,18.01,18.01,0
2024-05-24,18.01,18.01,18.01,18.01,0
2024-05-27,18.01,18.01,18.01,18.01,0
2024-05-28,18.01,18.01,18.01,18.01,0
2024-05-29,16.64,16.64,16.64,16.64,100
2024-05-30,16.64,16.64,16.64,16.64,0
2024-05-31,16.64,16.64,16.64,16.64,0
2024-06-03,16.64,16.64,16.64,16.64,0
2024-06-04,16.64,16.64,16.64,16.64,0
2024-06-05,16.64,16.64,16.64,16.64,0
2024-06-06,16.64,16.64,16.64,16.64,0
2024-06-07,16.64,16.64,16.64,16.64,0
2024-06-10,16.64,16.64,16.64,16.64,0
2024-06-11,16.64,16.64,16.64,16.64,0
2024-06-12,16.64,16.64,16.64,16.64,0
2024-06-13,16.64,16.64,16.64,16.64,0
2024-06-14,16.64,16.64,16.64,16.64,0
2024-06-17,16.64,16.64,16.64,16.64,0
2024-06-18,16.64,16.64,16.64,16.64,0
2024-06-19,16.64,16.64,16.64,16.64,0
2024-06-20,16.64,16.64,16.64,16.64,0
2024-06-21,16.64,16.64,16.64,16.64,0
2024-06-24,16.64,16.64,16.64,16.64,0
2024-06-25,16.64,16.64,16.64,16.64,0
2024-06-26,16.64,16.64,16.64,16.64,0
2024-06-27,16.64,16.64,16.64,16.64,0
2024-06-28,16.64,16.64,16.64,16.64,1
2024-07-01,16.64,16.64,16.64,16.64,0
2024-07-02,19.09,19.09,19.09,19.09,100
2024-07-03,21.83,21.83,21.83,21.83,100
2024-07-04,21.83,21.83,21.83,21.83,0
2024-07-05,21.83,21.83,21.83,21.83,0
2024-07-08,21.83,21.83,21.83,21.83,0
2024-07-09,21.83,21.83,21.83,21.83,0
2024-07-10,21.83,21.83,21.83,21.83,0
2024-07-11,21.83,21.83,21.83,21.83,1
2024-07-12,21.83,21.83,21.83,21.83,0
2024-07-15,21.83,21.83,21.83,21.83,0
2024-07-16,21.83,21.83,21.83,21.83,0
2024-07-17,21.83,21.83,21.83,21.83,0
2024-07-18,21.83,21.83,21.83,21.83,0
2024-07-19,18.6,18.6,18.6,18.6,100
2024-07-22,18.6,18.6,18.6,18.6,0
2024-07-23,18.6,18.6,18.6,18.6,0
2024-07-24,18.6,18.6,18.6,18.6,0
2024-07-25,18.6,18.6,18.6,18.6,0
2024-07-26,18.6,18.6,18.6,18.6,0
2024-07-29,18.6,18.6,18.6,18.6,0
2024-07-30,18.6,18.6,18.6,18.6,0
2024-07-31,18.6,18.6,18.6,18.6,0
2024-08-01,18.6,18.6,18.6,18.6,0
2024-08-02,18.6,18.6,18.6,18.6,0
2024-08-05,21.34,21.34,21.34,21.34,100
2024-08-06,21.34,21.34,21.34,21.34,5
2024-08-07,21.34,21.34,21.34,21.34,0
2024-08-08,21.34,21.34,21.34,21.34,0
2024-08-09,21.34,21.34,21.34,21.34,0
2024-08-12,21.34,21.34,21.34,21.34,0
2024-08-13,21.34,21.34,21.34,21.34,0
2024-08-14,21.34,21.34,21.34,21.34,0
2024-08-15,21.34,21.34,21.34,21.34,0
2024-08-16,21.34,21.34,21.34,21.34,0
2024-08-19,21.34,21.34,21.34,21.34,0
2024-08-20,21.34,21.34,21.34,21.34,0
2024-08-21,21.34,21.34,21.34,21.34,0
2024-08-22,21.34,21.34,21.34,21.34,1
2024-08-23,21.34,21.34,21.34,21.34,0
2024-08-26,21.34,21.34,21.34,21.34,0
2024-08-27,21.34,21.34,21.34,21.34,0
2024-08-28,21.34,21.34,21.34,21.34,0
2024-08-29,21.34,21.34,21.34,21.34,0
2024-08-30,21.34,21.34,21.34,21.34,0
2024-09-04,21.34,21.34,21.34,21.34,0
2024-09-05,21.34,21.34,21.34,21.34,5
2024-09-06,21.34,21.34,21.34,21.34,0
2024-09-09,21.34,21.34,21.34,21.34,5
2024-09-10,21.34,21.34,21.34,21.34,0
2024-09-11,21.34,21.34,21.34,21.34,0
2024-09-12,21.34,21.34,21.34,21.34,0
2024-09-13,21.34,21.34,21.34,21.34,0
2024-09-16,21.34,21.34,21.34,21.34,0
2024-09-17,21.34,21.34,21.34,21.34,0
2024-09-18,21.34,21.34,21.34,21.34,0
2024-09-19,29.86,29.86,29.86,29.86,100
2024-09-20,29.86,29.86,29.86,29.86,6
2024-09-23,29.86,29.86,29.86,29.86,0
2024-09-24,29.86,29.86,29.86,29.86,0
2024-09-25,29.86,29.86,29.86,29.86,5
2024-09-26,29.86,29.86,29.86,29.86,0
2024-09-27,29.86,29.86,29.86,29.86,0
2024-09-30,29.86,29.86,29.86,29.86,0
2024-10-01,29.86,29.86,29.86,29.86,0
2024-10-02,28.19,28.19,26.23,27.8,3193
2024-10-03,31.52,31.52,31.52,31.52,300
2024-10-04,31.52,31.52,31.52,31.52,0
2024-10-07,31.52,31.52,31.52,31.52,0
2024-10-08,31.52,31.52,31.52,31.52,0
2024-10-09,31.52,31.52,31.52,31.52,0
2024-10-10,31.52,31.52,31.52,31.52,0
2024-10-11,31.52,31.52,31.52,31.52,0
2024-10-14,36.22,36.22,36.22,36.22,100
2024-10-15,41.6,41.6,41.6,41.6,100
2024-10-16,47.67,47.67,47.67,47.67,145
2024-10-17,47.67,47.67,47.67,47.67,0
2024-10-18,48.85,48.85,48.85,48.85,102
2024-10-21,56.09,56.09,41.6,41.6,252
2024-10-22,48.85,48.85,48.85,48.85,11
2024-10-23,55.99,55.99,55.99,55.99,106
2024-10-24,55.99,55.99,55.99,55.99,0
2024-10-25,55.99,55.99,55.99,55.99,10
2024-10-28,64.22,64.22,64.22,64.22,157
2024-10-29,54.62,54.62,54.62,54.62,1225
2024-10-30,54.62,54.62,54.62,54.62,0
2024-10-31,46.5,46.5,46.5,46.5,100
2024-11-01,46.5,46.5,46.5,46.5,0
2024-11-04,46.5,46.5,46.5,46.5,0
2024-11-05,46.5,46.5,46.5,46.5,0
2024-11-06,46.5,46.5,46.5,46.5,11
2024-11-07,46.5,46.5,46.5,46.5,0
2024-11-08,46.5,46.5,46.5,46.5,0
2024-11-11,46.5,46.5,46.5,46.5,0
2024-11-12,46.5,46.5,46.5,46.5,0
2024-11-13,46.5,46.5,46.5,46.5,5
2024-11-14,46.5,46.5,46.5,46.5,0
2024-11-15,46.5,46.5,46.5,46.5,0
2024-11-18,46.5,46.5,46.5,46.5,0
2024-11-19,46.5,46.5,46.5,46.5,0
2024-11-20,46.5,46.5,46.5,46.5,0
2024-11-21,46.5,46.5,46.5,46.5,0
2024-11-22,46.5,46.5,46.5,46.5,0
2024-11-25,46.5,46.5,46.5,46.5,0
2024-11-26,46.5,46.5,46.5,46.5,0
2024-11-27,46.5,46.5,46.5,46.5,0
2024-11-28,46.5,46.5,46.5,46.5,0
2024-11-29,46.5,46.5,46.5,46.5,0
2024-12-02,46.5,46.5,46.5,46.5,0
2024-12-03,46.5,46.5,46.5,46.5,0
2024-12-04,46.5,46.5,46.5,46.5,0
2024-12-05,46.5,46.5,46.5,46.5,3
2024-12-06,46.5,46.5,46.5,46.5,0
2024-12-09,46.5,46.5,46.5,46.5,0
2024-12-10,46.5,46.5,46.5,46.5,0
2024-12-11,46.5,46.5,46.5,46.5,0
2024-12-12,46.5,46.5,46.5,46.5,0
2024-12-13,46.5,46.5,46.5,46.5,0
2024-12-16,46.5,46.5,46.5,46.5,0
2024-12-17,46.5,46.5,46.5,46.5,0
2024-12-18,46.5,46.5,46.5,46.5,0
2024-12-19,46.5,46.5,46.5,46.5,0
2024-12-20,46.5,46.5,46.5,46.5,0
2024-12-23,46.5,46.5,46.5,46.5,0
2024-12-24,46.5,46.5,46.5,46.5,0
2024-12-25,46.5,46.5,46.5,46.5,0
2024-12-26,46.5,46.5,46.5,46.5,0
2024-12-27,46.5,46.5,46.5,46.5,0
2024-12-30,46.5,46.5,46.5,46.5,0
2024-12-31,46.5,46.5,46.5,46.5,0
2025-01-02,46.5,46.5,46.5,46.5,0
2025-01-03,46.5,46.5,46.5,46.5,0
2025-01-06,46.5,46.5,46.5,46.5,0
2025-01-07,46.5,46.5,46.5,46.5,0
2025-01-08,27.9,27.9,27.9,27.9,200
2025-01-09,23.79,23.79,23.79,23.79,300
2025-01-10,23.79,23.79,23.79,23.79,0
2025-01-13,20.26,20.26,20.26,20.26,3503
2025-01-14,20.26,20.26,20.26,20.26,1
2025-01-15,23.3,23.3,20.26,20.26,852
2025-01-16,20.65,20.65,20.65,20.65,530
2025-01-17,20.65,20.65,20.65,20.65,100
2025-01-20,20.65,20.65,20.65,20.65,0
2025-01-21,20.65,20.65,20.65,20.65,600
2025-01-22,20.65,20.65,20.65,20.65,0
2025-01-23,20.65,20.65,20.65,20.65,2
2025-01-24,19.58,23.69,19.58,23.69,5030
2025-02-03,19.68,19.68,19.68,19.68,1
2025-02-04,19.68,19.68,19.68,19.68,0
2025-02-05,19.68,19.68,19.68,19.68,0
2025-02-06,19.68,19.68,19.68,19.68,0
2025-02-07,19.68,19.68,19.68,19.68,0
2025-02-10,19.68,19.68,19.68,19.68,0
2025-02-11,19.68,19.68,19.68,19.68,0
2025-02-12,16.74,16.74,16.74,16.74,100
2025-02-13,16.74,16.74,16.74,16.74,101
2025-02-14,16.74,19.19,16.74,19.19,300
2025-02-17,17.52,17.52,17.52,17.52,0
2025-02-18,17.52,17.52,17.52,17.52,26
2025-02-19,17.62,18.6,17.62,18.6,700
2025-02-20,18.31,18.31,18.31,18.31,0
2025-02-21,18.31,18.31,18.31,18.31,27
2025-02-24,18.4,18.4,18.4,18.4,700
2025-02-25,18.4,18.4,18.4,18.4,0
2025-02-26,21.14,21.14,15.76,15.76,200
2025-02-27,18.5,18.5,18.5,18.5,0
2025-02-28,21.24,21.24,21.24,21.24,100
2025-03-03,21.24,21.24,21.24,21.24,3
2025-03-04,21.05,21.05,21.05,21.05,100
2025-03-05,18.01,18.6,18.01,18.6,234
2025-03-06,18.31,18.31,18.31,18.31,0
2025-03-07,20.95,20.95,20.95,20.95,100
2025-03-10,20.95,20.95,20.95,20.95,0
2025-03-11,20.95,20.95,20.95,20.95,0
2025-03-12,20.95,20.95,20.95,20.95,0
2025-03-13,20.95,20.95,20.95,20.95,0
2025-03-14,20.95,20.95,20.95,20.95,0
2025-03-17,20.95,20.95,20.95,20.95,0
2025-03-18,20.95,20.95,20.95,20.95,0
2025-03-19,20.95,20.95,20.95,20.95,0
2025-03-20,20.95,20.95,20.95,20.95,0
2025-03-21,17.82,17.82,17.82,17.82,200
2025-03-24,17.82,17.82,17.82,17.82,0
2025-03-25,17.82,17.82,17.82,17.82,0
2025-03-26,17.82,17.82,17.82,17.82,0
2025-03-27,17.82,17.82,17.82,17.82,0
2025-03-28,17.82,17.82,17.82,17.82,0
2025-03-31,17.82,17.82,17.82,17.82,0
2025-04-01,20.46,20.46,19.58,19.58,200
2025-04-02,20.07,20.07,20.07,20.07,20
2025-04-03,20.07,20.07,20.07,20.07,0
2025-04-04,20.07,20.07,20.07,20.07,1
2025-04-08,20.07,20.07,20.07,20.07,100
2025-04-09,20.07,20.07,20.07,20.07,0
2025-04-10,20.07,20.07,20.07,20.07,803
2025-04-11,20.07,20.07,20.07,20.07,0
2025-04-14,18.6,18.6,18.6,18.6,25000
2025-04-15,18.6,18.6,18.6,18.6,0
2025-04-16,18.6,18.6,18.6,18.6,1
2025-04-17,18.6,18.6,18.6,18.6,0
2025-04-18,18.6,18.6,18.6,18.6,0
2025-04-21,18.6,18.6,18.6,18.6,0
2025-04-22,18.6,18.6,18.6,18.6,0
2025-04-23,18.6,18.6,18.6,18.6,0
2025-04-24,18.6,18.6,18.6,18.6,0
2025-04-25,18.6,18.6,18.6,18.6,0
2025-04-28,18.6,18.6,18.6,18.6,1
2025-04-29,18.6,18.6,18.6,18.6,2
2025-05-05,18.6,18.6,18.6,18.6,0
2025-05-06,18.6,18.6,18.6,18.6,0
2025-05-07,18.6,18.6,18.6,18.6,6000
2025-05-08,18.6,18.6,18.6,18.6,0
2025-05-09,18.6,18.6,18.6,18.6,0
2025-05-12,18.6,18.6,18.6,18.6,0
2025-05-13,18.6,18.6,18.6,18.6,0
2025-05-14,18.6,18.6,18.6,18.6,0
2025-05-15,18.6,18.6,18.6,18.6,0
2025-05-16,18.6,18.6,18.6,18.6,0
2025-05-19,18.6,18.6,18.6,18.6,0
2025-05-20,18.6,18.6,18.6,18.6,0
2025-05-21,18.6,18.6,18.6,18.6,0
2025-05-22,18.6,18.6,18.6,18.6,0
2025-05-23,18.6,18.6,18.6,18.6,0
2025-05-26,18.6,18.6,18.6,18.6,0
2025-05-27,18.6,18.6,18.6,18.6,30
2025-05-28,18.6,18.6,18.6,18.6,0
2025-05-29,18.6,18.6,18.6,18.6,0
2025-05-30,18.6,18.6,18.6,18.6,0
2025-06-02,18.6,18.6,18.6,18.6,0
2025-06-03,18.6,18.6,18.6,18.6,0
2025-06-04,18.6,18.6,18.6,18.6,0
2025-06-05,18.6,18.6,18.6,18.6,0
2025-06-06,18.6,18.6,18.6,18.6,0
2025-06-09,18.6,18.6,18.6,18.6,0
2025-06-10,18.6,18.6,18.6,18.6,0
2025-07-09,18.6,18.6,18.6,18.6,1200
2025-08-21,20.0,20.0,18.0,18.0,5600
2025-08-29,20.7,20.7,18.0,20.7,1700
2025-09-17,18.6,18.6,18.6,18.6,500
2025-09-18,18.6,18.6,18.6,18.6,1200
